Workbook
Name 분류: #REF!

Sheet OKR 트랙킹
B2: 부터 | C2: 까지 | D2: 주별 | E2: B2C 매출 | F2: 총 광고비 | G2: 가입자 수 | H2: 지역 내 가입자 수 | I2: 신규 유저 | J2: 신규 유저(D30) | K2: B2C 총 신청 수 | L2: B2C 수거 완료 | M2: B2C 수거 실패 | N2: CAC | O2: 지역내 가입율 | P2: 서비스 이용 전환율 | Q2: 보정 이용 전환율 | R2: 수거 실패율 | S2: 객단가 | T2: 회원탈퇴수
B3: 46113 | C3: 46203 | D3: Q2 누적 | E3: =SUMIFS('전체 일별'!$BA:$BA,'전체 일별'!$B:$B,">="&$B3,'전체 일별'!$B:$B,"<="&$C3) -> 1819838798 | F3: =SUMIFS('전체 일별'!$L:$L,'전체 일별'!$B:$B,">="&$B3,'전체 일별'!$B:$B,"<="&$C3) -> 478822013 | G3: =SUMIFS('전체 일별'!$AQ:$AQ,'전체 일별'!$B:$B,">="&$B3,'전체 일별'!$B:$B,"<="&$C3) -> 43513 | H3: =SUMIFS('전체 일별'!$AR:$AR,'전체 일별'!$B:$B,">="&$B3,'전체 일별'!$B:$B,"<="&$C3) -> 40309 | I3: =SUMIFS('전체 일별'!$AJ:$AJ,'전체 일별'!$B:$B,">="&$B3,'전체 일별'!$B:$B,"<="&$C3) -> 21079 | J3: =SUMIFS('전체 일별'!$Z:$Z,'전체 일별'!$B:$B,">="&$B3,'전체 일별'!$B:$B,"<="&$C3) -> 14221 | K3: =SUMIFS('전체 일별'!$AL:$AL,'전체 일별'!$B:$B,">="&$B3,'전체 일별'!$B:$B,"<="&$C3) -> 189646 | L3: =SUMIFS('전체 일별'!$AO:$AO,'전체 일별'!$B:$B,">="&$B3,'전체 일별'!$B:$B,"<="&$C3) -> 140920 | M3: =SUMIFS('전체 일별'!$AP:$AP,'전체 일별'!$B:$B,">="&$B3,'전체 일별'!$B:$B,"<="&$C3) -> 3840 | N3: =F3/J3 -> 33670.066 | O3: =H3/G3 -> 0.92636683 | P3: =J3/H3 -> 0.35279962 | Q3: =J3/H3 -> 0.35279962 | R3: =M3/(L3+M3) -> 0.026526665 | S3: =E3/L3 -> 12913.985 | T3: =SUMIFS('전체 일별'!$BJ:$BJ,'전체 일별'!$B:$B,">="&$B3,'전체 일별'!$B:$B,"<="&$C3) -> 1596
B4: =C4-13 -> 46094 | C4: =B5-1 -> 46107 | D4: 회고 전주 | E4: =SUMIFS('전체 일별'!$BA:$BA,'전체 일별'!$B:$B,">="&$B4,'전체 일별'!$B:$B,"<="&$C4) -> 704039209 | F4: =SUMIFS('전체 일별'!$L:$L,'전체 일별'!$B:$B,">="&$B4,'전체 일별'!$B:$B,"<="&$C4) -> 200149872 | G4: =SUMIFS('전체 일별'!$AQ:$AQ,'전체 일별'!$B:$B,">="&$B4,'전체 일별'!$B:$B,"<="&$C4) -> 21080 | H4: =SUMIFS('전체 일별'!$AR:$AR,'전체 일별'!$B:$B,">="&$B4,'전체 일별'!$B:$B,"<="&$C4) -> 19028 | I4: =SUMIFS('전체 일별'!$AJ:$AJ,'전체 일별'!$B:$B,">="&$B4,'전체 일별'!$B:$B,"<="&$C4) -> 8448 | J4: =SUMIFS('전체 일별'!$Z:$Z,'전체 일별'!$B:$B,">="&$B4,'전체 일별'!$B:$B,"<="&$C4) -> 5986 | K4: =SUMIFS('전체 일별'!$AL:$AL,'전체 일별'!$B:$B,">="&$B4,'전체 일별'!$B:$B,"<="&$C4) -> 65718 | L4: =SUMIFS('전체 일별'!$AO:$AO,'전체 일별'!$B:$B,">="&$B4,'전체 일별'!$B:$B,"<="&$C4) -> 71339 | M4: =SUMIFS('전체 일별'!$AP:$AP,'전체 일별'!$B:$B,">="&$B4,'전체 일별'!$B:$B,"<="&$C4) -> 1393 | N4: =F4/J4 -> 33436.33 | O4: =H4/G4 -> 0.90265655 | P4: =J4/H4 -> 0.31458903 | Q4: =J4/H4 -> 0.31458903 | R4: =M4/(L4+M4) -> 0.019152505 | S4: =E4/L4 -> 9868.9246 | T4: =SUMIFS('전체 일별'!$BJ:$BJ,'전체 일별'!$B:$B,">="&$B4,'전체 일별'!$B:$B,"<="&$C4) -> 719
B5: =C5-13 -> 46108 | C5: 46121 | D5: 회고 주 | E5: =SUMIFS('전체 일별'!$BA:$BA,'전체 일별'!$B:$B,">="&$B5,'전체 일별'!$B:$B,"<="&$C5) -> 756110818 | F5: =SUMIFS('전체 일별'!$L:$L,'전체 일별'!$B:$B,">="&$B5,'전체 일별'!$B:$B,"<="&$C5) -> 200904729 | G5: =SUMIFS('전체 일별'!$AQ:$AQ,'전체 일별'!$B:$B,">="&$B5,'전체 일별'!$B:$B,"<="&$C5) -> 21244 | H5: =SUMIFS('전체 일별'!$AR:$AR,'전체 일별'!$B:$B,">="&$B5,'전체 일별'!$B:$B,"<="&$C5) -> 19540 | I5: =SUMIFS('전체 일별'!$AJ:$AJ,'전체 일별'!$B:$B,">="&$B5,'전체 일별'!$B:$B,"<="&$C5) -> 9138 | J5: =SUMIFS('전체 일별'!$Z:$Z,'전체 일별'!$B:$B,">="&$B5,'전체 일별'!$B:$B,"<="&$C5) -> 6728 | K5: =SUMIFS('전체 일별'!$AL:$AL,'전체 일별'!$B:$B,">="&$B5,'전체 일별'!$B:$B,"<="&$C5) -> 81706 | L5: =SUMIFS('전체 일별'!$AO:$AO,'전체 일별'!$B:$B,">="&$B5,'전체 일별'!$B:$B,"<="&$C5) -> 62320 | M5: =SUMIFS('전체 일별'!$AP:$AP,'전체 일별'!$B:$B,">="&$B5,'전체 일별'!$B:$B,"<="&$C5) -> 1633 | N5: =F5/J5 -> 29860.988 | O5: =H5/G5 -> 0.91978912 | P5: =J5/H5 -> 0.34431934 | Q5: =J5/H5 -> 0.34431934 | R5: =M5/(L5+M5) -> 0.025534377 | S5: =E5/L5 -> 12132.715 | T5: =SUMIFS('전체 일별'!$BJ:$BJ,'전체 일별'!$B:$B,">="&$B5,'전체 일별'!$B:$B,"<="&$C5) -> 749
B6: 2주 전 대비 | E6: =E5-E4 -> 52071609 | F6: =F5-F4 -> 754857 | G6: =G5-G4 -> 164 | H6: =H5-H4 -> 512 | I6: =I5-I4 -> 690 | J6: =J5-J4 -> 742 | K6: =K5-K4 -> 15988 | L6: =L5-L4 -> -9019 | ... T6: =T5-T4 -> 30
B8: *대비 값 항상 더블 체킹 필요
E10: 지표명 | F10: 입력값 | G10: 계산값
E11: Q2 시작일 | F11: =DATE(2026,4,1) -> 46113
E12: Q2 종료일 | F12: =DATE(2026,6,30) -> 46203
E13: 목표 인원 | F13: 70000
E14: 초록불 기준 비율 | F14: 0.7
E15: 현재 누적 신규 유저 | F15: =I3 -> 21079
E16: 오늘 날짜 | F16: =TODAY() -> 46144
E17: 경과 주수 | G17: =(F16-F11)/7 -> 4.4285714
E18: 잔여 주수 | G18: =(F12-F16)/7 -> 8.4285714
E19: 초록불 목표값 (명) | G19: =F13*F14 -> 49000
E20: 주당 현재 속도 (명/주) | G20: =F15/G17 -> 4759.7742
E21: 초록불 달성 필요 주당 속도 (명/주) | G21: =(G19-F15)/G18 -> 3312.661 | M21: `
E22: Q2 말 예상 누적 (명) | G22: =F15+(G20*G18) -> 61197.097
E23: 달성율 | G23: =F15/F13 -> 0.30112857
E24: 신호등 판정 | G24: =IF(F15>=G19,"🟢 초록",IF(G20>=G21,"🟢 초록","🔴 위험")) -> 🟢 초록

Sheet 전체 월별
B2: 부터 | C2: 까지 | D2: 월별 | E2: B2C 매출 | F2: 총 광고비 | G2: 앱 설치수 | H2: 가입자 수 | I2: 지역 내 가입자 수 | J2: 신규 유저 | K2: 신규 유저(D30) | L2: B2C 총 신청 수 | M2: B2C 수거 완료 수 | N2: B2C 수거 실패 수 | O2: CAC | P2: CAC(D30) | Q2: 지역내 가입율 | R2: 서비스 이용 전환율 | S2: 보정 이용 전환율 | T2: 수거 실패율 | U2: 객단가 | V2: D1 비율평균 | W2: D2 비율평균 | X2: D3 비율평균 | Y2: D7 비율평균 | Z2: D30 비율평균 | AA2: D1 예측 | AB2: D2 예측 | AC2: D3 예측 | AD2: D7 예측
B3: 45292 | C3: 45322 | D3: 24년 1월 | E3: =SUMIFS('전체 일별'!$BA:$BA,'전체 일별'!$B:$B,">="&$B3,'전체 일별'!$B:$B,"<="&$C3) -> 0 | F3: =SUMIFS('전체 일별'!$L:$L,'전체 일별'!$B:$B,">="&$B3,'전체 일별'!$B:$B,"<="&$C3) -> 11700897 | G3: =SUMIFS('전체 일별'!$O:$O,'전체 일별'!$B:$B,">="&$B3,'전체 일별'!$B:$B,"<="&$C3) -> 2808 | H3: =SUMIFS('전체 일별'!$AQ:$AQ,'전체 일별'!$B:$B,">="&$B3,'전체 일별'!$B:$B,"<="&$C3) -> 1686 | I3: =SUMIFS('전체 일별'!$AR:$AR,'전체 일별'!$B:$B,">="&$B3,'전체 일별'!$B:$B,"<="&$C3) -> 756 | J3: =SUMIFS('전체 일별'!$AJ:$AJ,'전체 일별'!$B:$B,">="&$B3,'전체 일별'!$B:$B,"<="&$C3) -> 363 | K3: =SUMIFS('전체 일별'!$Z:$Z,'전체 일별'!$B:$B,">="&$B3,'전체 일별'!$B:$B,"<="&$C3) -> 0 | L3: =SUMIFS('전체 일별'!$AL:$AL,'전체 일별'!$B:$B,">="&$B3,'전체 일별'!$B:$B,"<="&$C3) -> 0 | M3: =SUMIFS('전체 일별'!$AO:$AO,'전체 일별'!$B:$B,">="&$B3,'전체 일별'!$B:$B,"<="&$C3) -> 0 | N3: =IFERROR(SUMIFS('전체 일별'!$AP:$AP,'전체 일별'!$B:$B,">="&$B3,'전체 일별'!$B:$B,"<="&$C3),0) -> 0 | O3: =F3/J3 -> 32233.876 | P3: =IFERROR(F3/K3,0) -> 0 | Q3: =I3/H3 -> 0.44839858 | R3: =J3/I3 -> 0.48015873 | S3: =K3/I3 -> 0 | T3: =IFERROR(N3/(M3+N3),0) -> 0 | U3: =IFERROR(E3/M3,0) -> 0
B4: 45323 | C4: 45351 | D4: 24년 2월 | E4: =SUMIFS('전체 일별'!$BA:$BA,'전체 일별'!$B:$B,">="&$B4,'전체 일별'!$B:$B,"<="&$C4) -> 0 | F4: =SUMIFS('전체 일별'!$L:$L,'전체 일별'!$B:$B,">="&$B4,'전체 일별'!$B:$B,"<="&$C4) -> 7314530 | G4: =SUMIFS('전체 일별'!$O:$O,'전체 일별'!$B:$B,">="&$B4,'전체 일별'!$B:$B,"<="&$C4) -> 3286 | H4: =SUMIFS('전체 일별'!$AQ:$AQ,'전체 일별'!$B:$B,">="&$B4,'전체 일별'!$B:$B,"<="&$C4) -> 2069 | I4: =SUMIFS('전체 일별'!$AR:$AR,'전체 일별'!$B:$B,">="&$B4,'전체 일별'!$B:$B,"<="&$C4) -> 1069 | J4: =SUMIFS('전체 일별'!$AJ:$AJ,'전체 일별'!$B:$B,">="&$B4,'전체 일별'!$B:$B,"<="&$C4) -> 599 | K4: =SUMIFS('전체 일별'!$Z:$Z,'전체 일별'!$B:$B,">="&$B4,'전체 일별'!$B:$B,"<="&$C4) -> 0 | L4: =SUMIFS('전체 일별'!$AL:$AL,'전체 일별'!$B:$B,">="&$B4,'전체 일별'!$B:$B,"<="&$C4) -> 0 | M4: =SUMIFS('전체 일별'!$AO:$AO,'전체 일별'!$B:$B,">="&$B4,'전체 일별'!$B:$B,"<="&$C4) -> 0 | N4: =SUMIFS('전체 일별'!$AP:$AP,'전체 일별'!$B:$B,">="&$B4,'전체 일별'!$B:$B,"<="&$C4) -> 0 | O4: =F4/J4 -> 12211.235 | P4: =IFERROR(F4/K4,0) -> 0 | Q4: =I4/H4 -> 0.51667472 | R4: =J4/I4 -> 0.56033676 | S4: =K4/I4 -> 0 | T4: =IFERROR(N4/(M4+N4),0) -> 0 | U4: =IFERROR(E4/M4,0) -> 0
B5: 45352 | C5: 45382 | D5: 24년 3월 | E5: =SUMIFS('전체 일별'!$BA:$BA,'전체 일별'!$B:$B,">="&$B5,'전체 일별'!$B:$B,"<="&$C5) -> 0 | F5: =SUMIFS('전체 일별'!$L:$L,'전체 일별'!$B:$B,">="&$B5,'전체 일별'!$B:$B,"<="&$C5) -> 10521325 | G5: =SUMIFS('전체 일별'!$O:$O,'전체 일별'!$B:$B,">="&$B5,'전체 일별'!$B:$B,"<="&$C5) -> 3427 | H5: =SUMIFS('전체 일별'!$AQ:$AQ,'전체 일별'!$B:$B,">="&$B5,'전체 일별'!$B:$B,"<="&$C5) -> 2202 | I5: =SUMIFS('전체 일별'!$AR:$AR,'전체 일별'!$B:$B,">="&$B5,'전체 일별'!$B:$B,"<="&$C5) -> 1100 | J5: =SUMIFS('전체 일별'!$AJ:$AJ,'전체 일별'!$B:$B,">="&$B5,'전체 일별'!$B:$B,"<="&$C5) -> 585 | K5: =SUMIFS('전체 일별'!$Z:$Z,'전체 일별'!$B:$B,">="&$B5,'전체 일별'!$B:$B,"<="&$C5) -> 0 | L5: =SUMIFS('전체 일별'!$AL:$AL,'전체 일별'!$B:$B,">="&$B5,'전체 일별'!$B:$B,"<="&$C5) -> 0 | M5: =SUMIFS('전체 일별'!$AO:$AO,'전체 일별'!$B:$B,">="&$B5,'전체 일별'!$B:$B,"<="&$C5) -> 0 | N5: =SUMIFS('전체 일별'!$AP:$AP,'전체 일별'!$B:$B,">="&$B5,'전체 일별'!$B:$B,"<="&$C5) -> 97 | O5: =F5/J5 -> 17985.171 | P5: =IFERROR(F5/K5,0) -> 0 | Q5: =I5/H5 -> 0.49954587 | R5: =J5/I5 -> 0.53181818 | S5: =K5/I5 -> 0 | T5: =IFERROR(N5/(M5+N5),0) -> 1 | U5: =IFERROR(E5/M5,0) -> 0
B6: 45383 | C6: 45412 | D6: 24년 4월 | E6: =SUMIFS('전체 일별'!$BA:$BA,'전체 일별'!$B:$B,">="&$B6,'전체 일별'!$B:$B,"<="&$C6) -> 0 | F6: =SUMIFS('전체 일별'!$L:$L,'전체 일별'!$B:$B,">="&$B6,'전체 일별'!$B:$B,"<="&$C6) -> 9120550 | G6: =SUMIFS('전체 일별'!$O:$O,'전체 일별'!$B:$B,">="&$B6,'전체 일별'!$B:$B,"<="&$C6) -> 3562 | H6: =SUMIFS('전체 일별'!$AQ:$AQ,'전체 일별'!$B:$B,">="&$B6,'전체 일별'!$B:$B,"<="&$C6) -> 2242 | I6: =SUMIFS('전체 일별'!$AR:$AR,'전체 일별'!$B:$B,">="&$B6,'전체 일별'!$B:$B,"<="&$C6) -> 1355 | J6: =SUMIFS('전체 일별'!$AJ:$AJ,'전체 일별'!$B:$B,">="&$B6,'전체 일별'!$B:$B,"<="&$C6) -> 600 | K6: =SUMIFS('전체 일별'!$Z:$Z,'전체 일별'!$B:$B,">="&$B6,'전체 일별'!$B:$B,"<="&$C6) -> 0 | L6: =SUMIFS('전체 일별'!$AL:$AL,'전체 일별'!$B:$B,">="&$B6,'전체 일별'!$B:$B,"<="&$C6) -> 0 | M6: =SUMIFS('전체 일별'!$AO:$AO,'전체 일별'!$B:$B,">="&$B6,'전체 일별'!$B:$B,"<="&$C6) -> 0 | N6: =SUMIFS('전체 일별'!$AP:$AP,'전체 일별'!$B:$B,">="&$B6,'전체 일별'!$B:$B,"<="&$C6) -> 230 | O6: =F6/J6 -> 15200.917 | P6: =IFERROR(F6/K6,0) -> 0 | Q6: =I6/H6 -> 0.6043711 | R6: =J6/I6 -> 0.44280443 | S6: =K6/I6 -> 0 | T6: =IFERROR(N6/(M6+N6),0) -> 1 | U6: =IFERROR(E6/M6,0) -> 0
B7: 45413 | C7: 45443 | D7: 24년 5월 | E7: =SUMIFS('전체 일별'!$BA:$BA,'전체 일별'!$B:$B,">="&$B7,'전체 일별'!$B:$B,"<="&$C7) -> 28515894 | F7: =SUMIFS('전체 일별'!$L:$L,'전체 일별'!$B:$B,">="&$B7,'전체 일별'!$B:$B,"<="&$C7) -> 12320320 | G7: =SUMIFS('전체 일별'!$O:$O,'전체 일별'!$B:$B,">="&$B7,'전체 일별'!$B:$B,"<="&$C7) -> 6389 | H7: =SUMIFS('전체 일별'!$AQ:$AQ,'전체 일별'!$B:$B,">="&$B7,'전체 일별'!$B:$B,"<="&$C7) -> 3787 | I7: =SUMIFS('전체 일별'!$AR:$AR,'전체 일별'!$B:$B,">="&$B7,'전체 일별'!$B:$B,"<="&$C7) -> 2170 | J7: =SUMIFS('전체 일별'!$AJ:$AJ,'전체 일별'!$B:$B,">="&$B7,'전체 일별'!$B:$B,"<="&$C7) -> 864 | K7: =SUMIFS('전체 일별'!$Z:$Z,'전체 일별'!$B:$B,">="&$B7,'전체 일별'!$B:$B,"<="&$C7) -> 0 | L7: =SUMIFS('전체 일별'!$AL:$AL,'전체 일별'!$B:$B,">="&$B7,'전체 일별'!$B:$B,"<="&$C7) -> 3635 | M7: =SUMIFS('전체 일별'!$AO:$AO,'전체 일별'!$B:$B,">="&$B7,'전체 일별'!$B:$B,"<="&$C7) -> 3077 | N7: =SUMIFS('전체 일별'!$AP:$AP,'전체 일별'!$B:$B,">="&$B7,'전체 일별'!$B:$B,"<="&$C7) -> 316 | O7: =F7/J7 -> 14259.63 | P7: =IFERROR(F7/K7,0) -> 0 | Q7: =I7/H7 -> 0.57301294 | R7: =J7/I7 -> 0.39815668 | S7: =K7/I7 -> 0 | T7: =IFERROR(N7/(M7+N7),0) -> 0.093132921 | U7: =IFERROR(E7/M7,0) -> 9267.4339
B8: 45444 | C8: 45473 | D8: 24년 6월 | E8: =SUMIFS('전체 일별'!$BA:$BA,'전체 일별'!$B:$B,">="&$B8,'전체 일별'!$B:$B,"<="&$C8) -> 75514970 | F8: =SUMIFS('전체 일별'!$L:$L,'전체 일별'!$B:$B,">="&$B8,'전체 일별'!$B:$B,"<="&$C8) -> 18389466 | G8: =SUMIFS('전체 일별'!$O:$O,'전체 일별'!$B:$B,">="&$B8,'전체 일별'!$B:$B,"<="&$C8) -> 10975 | H8: =SUMIFS('전체 일별'!$AQ:$AQ,'전체 일별'!$B:$B,">="&$B8,'전체 일별'!$B:$B,"<="&$C8) -> 6164 | I8: =SUMIFS('전체 일별'!$AR:$AR,'전체 일별'!$B:$B,">="&$B8,'전체 일별'!$B:$B,"<="&$C8) -> 4385 | J8: =SUMIFS('전체 일별'!$AJ:$AJ,'전체 일별'!$B:$B,">="&$B8,'전체 일별'!$B:$B,"<="&$C8) -> 1373 | K8: =SUMIFS('전체 일별'!$Z:$Z,'전체 일별'!$B:$B,">="&$B8,'전체 일별'!$B:$B,"<="&$C8) -> 0 | L8: =SUMIFS('전체 일별'!$AL:$AL,'전체 일별'!$B:$B,">="&$B8,'전체 일별'!$B:$B,"<="&$C8) -> 9975 | M8: =SUMIFS('전체 일별'!$AO:$AO,'전체 일별'!$B:$B,">="&$B8,'전체 일별'!$B:$B,"<="&$C8) -> 8971 | N8: =SUMIFS('전체 일별'!$AP:$AP,'전체 일별'!$B:$B,">="&$B8,'전체 일별'!$B:$B,"<="&$C8) -> 366 | O8: =F8/J8 -> 13393.639 | P8: =IFERROR(F8/K8,0) -> 0 | Q8: =I8/H8 -> 0.71138871 | R8: =J8/I8 -> 0.31311288 | S8: =K8/I8 -> 0 | T8: =IFERROR(N8/(M8+N8),0) -> 0.039198886 | U8: =IFERROR(E8/M8,0) -> 8417.6758
B9: 45474 | C9: 45504 | D9: 24년 7월 | E9: =SUMIFS('전체 일별'!$BA:$BA,'전체 일별'!$B:$B,">="&$B9,'전체 일별'!$B:$B,"<="&$C9) -> 101076234 | F9: =SUMIFS('전체 일별'!$L:$L,'전체 일별'!$B:$B,">="&$B9,'전체 일별'!$B:$B,"<="&$C9) -> 24058665 | G9: =SUMIFS('전체 일별'!$O:$O,'전체 일별'!$B:$B,">="&$B9,'전체 일별'!$B:$B,"<="&$C9) -> 12251 | H9: =SUMIFS('전체 일별'!$AQ:$AQ,'전체 일별'!$B:$B,">="&$B9,'전체 일별'!$B:$B,"<="&$C9) -> 7262 | I9: =SUMIFS('전체 일별'!$AR:$AR,'전체 일별'!$B:$B,">="&$B9,'전체 일별'!$B:$B,"<="&$C9) -> 5617 | J9: =SUMIFS('전체 일별'!$AJ:$AJ,'전체 일별'!$B:$B,">="&$B9,'전체 일별'!$B:$B,"<="&$C9) -> 1843 | K9: =SUMIFS('전체 일별'!$Z:$Z,'전체 일별'!$B:$B,">="&$B9,'전체 일별'!$B:$B,"<="&$C9) -> 888 | L9: =SUMIFS('전체 일별'!$AL:$AL,'전체 일별'!$B:$B,">="&$B9,'전체 일별'!$B:$B,"<="&$C9) -> 12915 | M9: =SUMIFS('전체 일별'!$AO:$AO,'전체 일별'!$B:$B,">="&$B9,'전체 일별'!$B:$B,"<="&$C9) -> 12006 | N9: =SUMIFS('전체 일별'!$AP:$AP,'전체 일별'!$B:$B,">="&$B9,'전체 일별'!$B:$B,"<="&$C9) -> 375 | O9: =F9/J9 -> 13054.078 | P9: =IFERROR(F9/K9,0) -> 27093.091 | Q9: =I9/H9 -> 0.77347838 | R9: =J9/I9 -> 0.32811109 | S9: =K9/I9 -> 0.15809151 | T9: =IFERROR(N9/(M9+N9),0) -> 0.030288345 | U9: =IFERROR(E9/M9,0) -> 8418.8101
B10: 45505 | C10: 45535 | D10: 24년 8월 | E10: =SUMIFS('전체 일별'!$BA:$BA,'전체 일별'!$B:$B,">="&$B10,'전체 일별'!$B:$B,"<="&$C10) -> 135260127 | F10: =SUMIFS('전체 일별'!$L:$L,'전체 일별'!$B:$B,">="&$B10,'전체 일별'!$B:$B,"<="&$C10) -> 24930196 | G10: =SUMIFS('전체 일별'!$O:$O,'전체 일별'!$B:$B,">="&$B10,'전체 일별'!$B:$B,"<="&$C10) -> 12794 | H10: =SUMIFS('전체 일별'!$AQ:$AQ,'전체 일별'!$B:$B,">="&$B10,'전체 일별'!$B:$B,"<="&$C10) -> 7789 | I10: =SUMIFS('전체 일별'!$AR:$AR,'전체 일별'!$B:$B,">="&$B10,'전체 일별'!$B:$B,"<="&$C10) -> 6256 | J10: =SUMIFS('전체 일별'!$AJ:$AJ,'전체 일별'!$B:$B,">="&$B10,'전체 일별'!$B:$B,"<="&$C10) -> 2371 | K10: =SUMIFS('전체 일별'!$Z:$Z,'전체 일별'!$B:$B,">="&$B10,'전체 일별'!$B:$B,"<="&$C10) -> 1793 | L10: =SUMIFS('전체 일별'!$AL:$AL,'전체 일별'!$B:$B,">="&$B10,'전체 일별'!$B:$B,"<="&$C10) -> 16580 | M10: =SUMIFS('전체 일별'!$AO:$AO,'전체 일별'!$B:$B,">="&$B10,'전체 일별'!$B:$B,"<="&$C10) -> 15373 | N10: =SUMIFS('전체 일별'!$AP:$AP,'전체 일별'!$B:$B,">="&$B10,'전체 일별'!$B:$B,"<="&$C10) -> 576 | O10: =F10/J10 -> 10514.633 | P10: =IFERROR(F10/K10,0) -> 13904.181 | Q10: =I10/H10 -> 0.80318398 | R10: =J10/I10 -> 0.37899616 | S10: =K10/I10 -> 0.28660486 | T10: =IFERROR(N10/(M10+N10),0) -> 0.036115117 | U10: =IFERROR(E10/M10,0) -> 8798.5512
B11: 45536 | C11: 45565 | D11: 24년 9월 | E11: =SUMIFS('전체 일별'!$BA:$BA,'전체 일별'!$B:$B,">="&$B11,'전체 일별'!$B:$B,"<="&$C11) -> 140546910 | F11: =SUMIFS('전체 일별'!$L:$L,'전체 일별'!$B:$B,">="&$B11,'전체 일별'!$B:$B,"<="&$C11) -> 21956951 | G11: =SUMIFS('전체 일별'!$O:$O,'전체 일별'!$B:$B,">="&$B11,'전체 일별'!$B:$B,"<="&$C11) -> 11022 | H11: =SUMIFS('전체 일별'!$AQ:$AQ,'전체 일별'!$B:$B,">="&$B11,'전체 일별'!$B:$B,"<="&$C11) -> 6735 | I11: =SUMIFS('전체 일별'!$AR:$AR,'전체 일별'!$B:$B,">="&$B11,'전체 일별'!$B:$B,"<="&$C11) -> 5190 | J11: =SUMIFS('전체 일별'!$AJ:$AJ,'전체 일별'!$B:$B,">="&$B11,'전체 일별'!$B:$B,"<="&$C11) -> 1853 | K11: =SUMIFS('전체 일별'!$Z:$Z,'전체 일별'!$B:$B,">="&$B11,'전체 일별'!$B:$B,"<="&$C11) -> 1516 | L11: =SUMIFS('전체 일별'!$AL:$AL,'전체 일별'!$B:$B,">="&$B11,'전체 일별'!$B:$B,"<="&$C11) -> 17078 | M11: =SUMIFS('전체 일별'!$AO:$AO,'전체 일별'!$B:$B,">="&$B11,'전체 일별'!$B:$B,"<="&$C11) -> 15904 | N11: =SUMIFS('전체 일별'!$AP:$AP,'전체 일별'!$B:$B,">="&$B11,'전체 일별'!$B:$B,"<="&$C11) -> 538 | O11: =F11/J11 -> 11849.407 | P11: =IFERROR(F11/K11,0) -> 14483.477 | Q11: =I11/H11 -> 0.77060134 | R11: =J11/I11 -> 0.35703276 | S11: =K11/I11 -> 0.29210019 | T11: =IFERROR(N11/(M11+N11),0) -> 0.03272108 | U11: =IFERROR(E11/M11,0) -> 8837.2051 | V11: =AVERAGEIFS('전체 일별'!$AF:$AF,'전체 일별'!$B:$B,">="&$B11,'전체 일별'!$B:$B,"<="&$C11) -> 0.10272333 | W11: =AVERAGEIFS('전체 일별'!$AB:$AB,'전체 일별'!$B:$B,">="&$B11,'전체 일별'!$B:$B,"<="&$C11) -> 0.13875333 | X11: =AVERAGEIFS('전체 일별'!$X:$X,'전체 일별'!$B:$B,">="&$B11,'전체 일별'!$B:$B,"<="&$C11) -> 0.16165333 | Y11: =AVERAGEIFS('전체 일별'!$BG:$BG,'전체 일별'!$B:$B,">="&$B11,'전체 일별'!$B:$B,"<="&$C11) -> 0.21393 | Z11: =AVERAGEIFS('전체 일별'!$BI:$BI,'전체 일별'!$B:$B,">="&$B11,'전체 일별'!$B:$B,"<="&$C11) -> 0.29242
B12: 45566 | C12: 45596 | D12: 24년 10월 | E12: =SUMIFS('전체 일별'!$BA:$BA,'전체 일별'!$B:$B,">="&$B12,'전체 일별'!$B:$B,"<="&$C12) -> 169223088 | F12: =SUMIFS('전체 일별'!$L:$L,'전체 일별'!$B:$B,">="&$B12,'전체 일별'!$B:$B,"<="&$C12) -> 30825543 | G12: =SUMIFS('전체 일별'!$O:$O,'전체 일별'!$B:$B,">="&$B12,'전체 일별'!$B:$B,"<="&$C12) -> 14758 | H12: =SUMIFS('전체 일별'!$AQ:$AQ,'전체 일별'!$B:$B,">="&$B12,'전체 일별'!$B:$B,"<="&$C12) -> 7971 | I12: =SUMIFS('전체 일별'!$AR:$AR,'전체 일별'!$B:$B,">="&$B12,'전체 일별'!$B:$B,"<="&$C12) -> 6037 | J12: =SUMIFS('전체 일별'!$AJ:$AJ,'전체 일별'!$B:$B,">="&$B12,'전체 일별'!$B:$B,"<="&$C12) -> 1959 | K12: =SUMIFS('전체 일별'!$Z:$Z,'전체 일별'!$B:$B,">="&$B12,'전체 일별'!$B:$B,"<="&$C12) -> 1570 | L12: =SUMIFS('전체 일별'!$AL:$AL,'전체 일별'!$B:$B,">="&$B12,'전체 일별'!$B:$B,"<="&$C12) -> 19134 | M12: =SUMIFS('전체 일별'!$AO:$AO,'전체 일별'!$B:$B,">="&$B12,'전체 일별'!$B:$B,"<="&$C12) -> 18201 | N12: =SUMIFS('전체 일별'!$AP:$AP,'전체 일별'!$B:$B,">="&$B12,'전체 일별'!$B:$B,"<="&$C12) -> 513 | O12: =F12/J12 -> 15735.346 | P12: =IFERROR(F12/K12,0) -> 19634.104 | Q12: =I12/H12 -> 0.75737047 | R12: =J12/I12 -> 0.32449892 | S12: =K12/I12 -> 0.26006295 | T12: =IFERROR(N12/(M12+N12),0) -> 0.027412632 | U12: =IFERROR(E12/M12,0) -> 9297.461 | V12: =AVERAGEIFS('전체 일별'!$AF:$AF,'전체 일별'!$B:$B,">="&$B12,'전체 일별'!$B:$B,"<="&$C12) -> 0.085548387 | W12: =AVERAGEIFS('전체 일별'!$AB:$AB,'전체 일별'!$B:$B,">="&$B12,'전체 일별'!$B:$B,"<="&$C12) -> 0.12195806 | X12: =AVERAGEIFS('전체 일별'!$X:$X,'전체 일별'!$B:$B,">="&$B12,'전체 일별'!$B:$B,"<="&$C12) -> 0.14167742 | Y12: =AVERAGEIFS('전체 일별'!$BG:$BG,'전체 일별'!$B:$B,">="&$B12,'전체 일별'!$B:$B,"<="&$C12) -> 0.19582903 | Z12: =AVERAGEIFS('전체 일별'!$BI:$BI,'전체 일별'!$B:$B,">="&$B12,'전체 일별'!$B:$B,"<="&$C12) -> 0.2617129
B13: 45597 | C13: 45626 | D13: 24년 11월 | E13: =SUMIFS('전체 일별'!$BA:$BA,'전체 일별'!$B:$B,">="&$B13,'전체 일별'!$B:$B,"<="&$C13) -> 173677002 | F13: =SUMIFS('전체 일별'!$L:$L,'전체 일별'!$B:$B,">="&$B13,'전체 일별'!$B:$B,"<="&$C13) -> 36112483 | G13: =SUMIFS('전체 일별'!$O:$O,'전체 일별'!$B:$B,">="&$B13,'전체 일별'!$B:$B,"<="&$C13) -> 17492 | H13: =SUMIFS('전체 일별'!$AQ:$AQ,'전체 일별'!$B:$B,">="&$B13,'전체 일별'!$B:$B,"<="&$C13) -> 8902 | I13: =SUMIFS('전체 일별'!$AR:$AR,'전체 일별'!$B:$B,">="&$B13,'전체 일별'!$B:$B,"<="&$C13) -> 5937 | J13: =SUMIFS('전체 일별'!$AJ:$AJ,'전체 일별'!$B:$B,">="&$B13,'전체 일별'!$B:$B,"<="&$C13) -> 1876 | K13: =SUMIFS('전체 일별'!$Z:$Z,'전체 일별'!$B:$B,">="&$B13,'전체 일별'!$B:$B,"<="&$C13) -> 1615 | L13: =SUMIFS('전체 일별'!$AL:$AL,'전체 일별'!$B:$B,">="&$B13,'전체 일별'!$B:$B,"<="&$C13) -> 18971 | M13: =SUMIFS('전체 일별'!$AO:$AO,'전체 일별'!$B:$B,">="&$B13,'전체 일별'!$B:$B,"<="&$C13) -> 17993 | N13: =SUMIFS('전체 일별'!$AP:$AP,'전체 일별'!$B:$B,">="&$B13,'전체 일별'!$B:$B,"<="&$C13) -> 431 | O13: =F13/J13 -> 19249.724 | P13: =IFERROR(F13/K13,0) -> 22360.671 | Q13: =I13/H13 -> 0.66692878 | R13: =J13/I13 -> 0.3159845 | S13: =K13/I13 -> 0.27202291 | T13: =IFERROR(N13/(M13+N13),0) -> 0.0233934 | U13: =IFERROR(E13/M13,0) -> 9652.4761 | V13: =AVERAGEIFS('전체 일별'!$AF:$AF,'전체 일별'!$B:$B,">="&$B13,'전체 일별'!$B:$B,"<="&$C13) -> 0.093366667 | W13: =AVERAGEIFS('전체 일별'!$AB:$AB,'전체 일별'!$B:$B,">="&$B13,'전체 일별'!$B:$B,"<="&$C13) -> 0.12530667 | X13: =AVERAGEIFS('전체 일별'!$X:$X,'전체 일별'!$B:$B,">="&$B13,'전체 일별'!$B:$B,"<="&$C13) -> 0.1484 | Y13: =AVERAGEIFS('전체 일별'!$BG:$BG,'전체 일별'!$B:$B,">="&$B13,'전체 일별'!$B:$B,"<="&$C13) -> 0.19816667 | Z13: =AVERAGEIFS('전체 일별'!$BI:$BI,'전체 일별'!$B:$B,">="&$B13,'전체 일별'!$B:$B,"<="&$C13) -> 0.27430333
B14: 45627 | C14: 45657 | D14: 24년 12월 | E14: =SUMIFS('전체 일별'!$BA:$BA,'전체 일별'!$B:$B,">="&$B14,'전체 일별'!$B:$B,"<="&$C14) -> 185428612 | F14: =SUMIFS('전체 일별'!$L:$L,'전체 일별'!$B:$B,">="&$B14,'전체 일별'!$B:$B,"<="&$C14) -> 48497027 | G14: =SUMIFS('전체 일별'!$O:$O,'전체 일별'!$B:$B,">="&$B14,'전체 일별'!$B:$B,"<="&$C14) -> 22584 | H14: =SUMIFS('전체 일별'!$AQ:$AQ,'전체 일별'!$B:$B,">="&$B14,'전체 일별'!$B:$B,"<="&$C14) -> 12037 | I14: =SUMIFS('전체 일별'!$AR:$AR,'전체 일별'!$B:$B,">="&$B14,'전체 일별'!$B:$B,"<="&$C14) -> 7642 | J14: =SUMIFS('전체 일별'!$AJ:$AJ,'전체 일별'!$B:$B,">="&$B14,'전체 일별'!$B:$B,"<="&$C14) -> 2545 | K14: =SUMIFS('전체 일별'!$Z:$Z,'전체 일별'!$B:$B,">="&$B14,'전체 일별'!$B:$B,"<="&$C14) -> 2161 | L14: =SUMIFS('전체 일별'!$AL:$AL,'전체 일별'!$B:$B,">="&$B14,'전체 일별'!$B:$B,"<="&$C14) -> 21004 | M14: =SUMIFS('전체 일별'!$AO:$AO,'전체 일별'!$B:$B,">="&$B14,'전체 일별'!$B:$B,"<="&$C14) -> 19803 | N14: =SUMIFS('전체 일별'!$AP:$AP,'전체 일별'!$B:$B,">="&$B14,'전체 일별'!$B:$B,"<="&$C14) -> 511 | O14: =F14/J14 -> 19055.806 | P14: =IFERROR(F14/K14,0) -> 22441.938 | Q14: =I14/H14 -> 0.6348758 | R14: =J14/I14 -> 0.333028 | S14: =K14/I14 -> 0.28277938 | T14: =IFERROR(N14/(M14+N14),0) -> 0.025155065 | U14: =IFERROR(E14/M14,0) -> 9363.6627 | V14: =AVERAGEIFS('전체 일별'!$AF:$AF,'전체 일별'!$B:$B,">="&$B14,'전체 일별'!$B:$B,"<="&$C14) -> 0.10032258 | W14: =AVERAGEIFS('전체 일별'!$AB:$AB,'전체 일별'!$B:$B,">="&$B14,'전체 일별'!$B:$B,"<="&$C14) -> 0.13448387 | X14: =AVERAGEIFS('전체 일별'!$X:$X,'전체 일별'!$B:$B,">="&$B14,'전체 일별'!$B:$B,"<="&$C14) -> 0.15321613 | Y14: =AVERAGEIFS('전체 일별'!$BG:$BG,'전체 일별'!$B:$B,">="&$B14,'전체 일별'!$B:$B,"<="&$C14) -> 0.2108129 | Z14: =AVERAGEIFS('전체 일별'!$BI:$BI,'전체 일별'!$B:$B,">="&$B14,'전체 일별'!$B:$B,"<="&$C14) -> 0.28017742
B15: 45658 | C15: 45688 | D15: 25년 1월 | E15: =SUMIFS('전체 일별'!$BA:$BA,'전체 일별'!$B:$B,">="&$B15,'전체 일별'!$B:$B,"<="&$C15) -> 223713881 | F15: =SUMIFS('전체 일별'!$L:$L,'전체 일별'!$B:$B,">="&$B15,'전체 일별'!$B:$B,"<="&$C15) -> 38417902 | G15: =SUMIFS('전체 일별'!$O:$O,'전체 일별'!$B:$B,">="&$B15,'전체 일별'!$B:$B,"<="&$C15) -> 14594 | H15: =SUMIFS('전체 일별'!$AQ:$AQ,'전체 일별'!$B:$B,">="&$B15,'전체 일별'!$B:$B,"<="&$C15) -> 9434 | I15: =SUMIFS('전체 일별'!$AR:$AR,'전체 일별'!$B:$B,">="&$B15,'전체 일별'!$B:$B,"<="&$C15) -> 6591 | J15: =SUMIFS('전체 일별'!$AJ:$AJ,'전체 일별'!$B:$B,">="&$B15,'전체 일별'!$B:$B,"<="&$C15) -> 2722 | K15: =SUMIFS('전체 일별'!$Z:$Z,'전체 일별'!$B:$B,">="&$B15,'전체 일별'!$B:$B,"<="&$C15) -> 1945 | L15: =SUMIFS('전체 일별'!$AL:$AL,'전체 일별'!$B:$B,">="&$B15,'전체 일별'!$B:$B,"<="&$C15) -> 22789 | M15: =SUMIFS('전체 일별'!$AO:$AO,'전체 일별'!$B:$B,">="&$B15,'전체 일별'!$B:$B,"<="&$C15) -> 21388 | N15: =SUMIFS('전체 일별'!$AP:$AP,'전체 일별'!$B:$B,">="&$B15,'전체 일별'!$B:$B,"<="&$C15) -> 528 | O15: =F15/J15 -> 14113.851 | P15: =IFERROR(F15/K15,0) -> 19752.135 | Q15: =I15/H15 -> 0.69864321 | R15: =J15/I15 -> 0.41298741 | S15: =K15/I15 -> 0.29509938 | T15: =IFERROR(N15/(M15+N15),0) -> 0.024091988 | U15: =IFERROR(E15/M15,0) -> 10459.785 | V15: =AVERAGEIFS('전체 일별'!$AF:$AF,'전체 일별'!$B:$B,">="&$B15,'전체 일별'!$B:$B,"<="&$C15) -> 0.10291935 | W15: =AVERAGEIFS('전체 일별'!$AB:$AB,'전체 일별'!$B:$B,">="&$B15,'전체 일별'!$B:$B,"<="&$C15) -> 0.13314516 | X15: =AVERAGEIFS('전체 일별'!$X:$X,'전체 일별'!$B:$B,">="&$B15,'전체 일별'!$B:$B,"<="&$C15) -> 0.1596 | Y15: =AVERAGEIFS('전체 일별'!$BG:$BG,'전체 일별'!$B:$B,">="&$B15,'전체 일별'!$B:$B,"<="&$C15) -> 0.2289871 | Z15: =AVERAGEIFS('전체 일별'!$BI:$BI,'전체 일별'!$B:$B,">="&$B15,'전체 일별'!$B:$B,"<="&$C15) -> 0.32639677 | AA15: =1/(AVERAGE(V11:V13)/AVERAGE($Z11:$Z13)) -> 2.9414891 | AB15: =1/(AVERAGE(W11:W13)/AVERAGE($Z11:$Z13)) -> 2.1461074 | AC15: =1/(AVERAGE(X11:X13)/AVERAGE($Z11:$Z13)) -> 1.833916 | AD15: =1/(AVERAGE(Y11:Y13)/AVERAGE($Z11:$Z13)) -> 1.3627261 | AE15: *전월 건너뛰고 최근 3개월의 평균값
B16: 45689 | C16: 45716 | D16: 25년 2월 | E16: =SUMIFS('전체 일별'!$BA:$BA,'전체 일별'!$B:$B,">="&$B16,'전체 일별'!$B:$B,"<="&$C16) -> 235359747 | F16: =SUMIFS('전체 일별'!$L:$L,'전체 일별'!$B:$B,">="&$B16,'전체 일별'!$B:$B,"<="&$C16) -> 35702733 | G16: =SUMIFS('전체 일별'!$O:$O,'전체 일별'!$B:$B,">="&$B16,'전체 일별'!$B:$B,"<="&$C16) -> 11658 | H16: =SUMIFS('전체 일별'!$AQ:$AQ,'전체 일별'!$B:$B,">="&$B16,'전체 일별'!$B:$B,"<="&$C16) -> 7539 | I16: =SUMIFS('전체 일별'!$AR:$AR,'전체 일별'!$B:$B,">="&$B16,'전체 일별'!$B:$B,"<="&$C16) -> 5761 | J16: =SUMIFS('전체 일별'!$AJ:$AJ,'전체 일별'!$B:$B,">="&$B16,'전체 일별'!$B:$B,"<="&$C16) -> 2700 | K16: =SUMIFS('전체 일별'!$Z:$Z,'전체 일별'!$B:$B,">="&$B16,'전체 일별'!$B:$B,"<="&$C16) -> 1957 | L16: =SUMIFS('전체 일별'!$AL:$AL,'전체 일별'!$B:$B,">="&$B16,'전체 일별'!$B:$B,"<="&$C16) -> 23767 | M16: =SUMIFS('전체 일별'!$AO:$AO,'전체 일별'!$B:$B,">="&$B16,'전체 일별'!$B:$B,"<="&$C16) -> 22336 | N16: =SUMIFS('전체 일별'!$AP:$AP,'전체 일별'!$B:$B,">="&$B16,'전체 일별'!$B:$B,"<="&$C16) -> 575 | O16: =F16/J16 -> 13223.234 | P16: =IFERROR(F16/K16,0) -> 18243.604 | Q16: =I16/H16 -> 0.7641597 | R16: =J16/I16 -> 0.46866863 | S16: =K16/I16 -> 0.33969797 | T16: =IFERROR(N16/(M16+N16),0) -> 0.025097115 | U16: =IFERROR(E16/M16,0) -> 10537.238 | V16: =AVERAGEIFS('전체 일별'!$AF:$AF,'전체 일별'!$B:$B,">="&$B16,'전체 일별'!$B:$B,"<="&$C16) -> 0.11013571 | W16: =AVERAGEIFS('전체 일별'!$AB:$AB,'전체 일별'!$B:$B,">="&$B16,'전체 일별'!$B:$B,"<="&$C16) -> 0.15403214 | X16: =AVERAGEIFS('전체 일별'!$X:$X,'전체 일별'!$B:$B,">="&$B16,'전체 일별'!$B:$B,"<="&$C16) -> 0.186675 | Y16: =AVERAGEIFS('전체 일별'!$BG:$BG,'전체 일별'!$B:$B,">="&$B16,'전체 일별'!$B:$B,"<="&$C16) -> 0.26208214 | Z16: =AVERAGEIFS('전체 일별'!$BI:$BI,'전체 일별'!$B:$B,">="&$B16,'전체 일별'!$B:$B,"<="&$C16) -> 0.29198929 | AA16: =1/(AVERAGE(V12:V14)/AVERAGE($Z12:$Z14)) -> 2.9229357 | AB16: =1/(AVERAGE(W12:W14)/AVERAGE($Z12:$Z14)) -> 2.1380397 | AC16: =1/(AVERAGE(X12:X14)/AVERAGE($Z12:$Z14)) -> 1.8412036 | AD16: =1/(AVERAGE(Y12:Y14)/AVERAGE($Z12:$Z14)) -> 1.3495074
B17: 45717 | C17: 45747 | D17: 25년 3월 | E17: =SUMIFS('전체 일별'!$BA:$BA,'전체 일별'!$B:$B,">="&$B17,'전체 일별'!$B:$B,"<="&$C17) -> 315567867 | F17: =SUMIFS('전체 일별'!$L:$L,'전체 일별'!$B:$B,">="&$B17,'전체 일별'!$B:$B,"<="&$C17) -> 61775162 | G17: =SUMIFS('전체 일별'!$O:$O,'전체 일별'!$B:$B,">="&$B17,'전체 일별'!$B:$B,"<="&$C17) -> 21594 | H17: =SUMIFS('전체 일별'!$AQ:$AQ,'전체 일별'!$B:$B,">="&$B17,'전체 일별'!$B:$B,"<="&$C17) -> 13637 | I17: =SUMIFS('전체 일별'!$AR:$AR,'전체 일별'!$B:$B,">="&$B17,'전체 일별'!$B:$B,"<="&$C17) -> 11583 | J17: =SUMIFS('전체 일별'!$AJ:$AJ,'전체 일별'!$B:$B,">="&$B17,'전체 일별'!$B:$B,"<="&$C17) -> 4921 | K17: =SUMIFS('전체 일별'!$Z:$Z,'전체 일별'!$B:$B,">="&$B17,'전체 일별'!$B:$B,"<="&$C17) -> 3493 | L17: =SUMIFS('전체 일별'!$AL:$AL,'전체 일별'!$B:$B,">="&$B17,'전체 일별'!$B:$B,"<="&$C17) -> 31343 | M17: =SUMIFS('전체 일별'!$AO:$AO,'전체 일별'!$B:$B,">="&$B17,'전체 일별'!$B:$B,"<="&$C17) -> 29413 | N17: =SUMIFS('전체 일별'!$AP:$AP,'전체 일별'!$B:$B,">="&$B17,'전체 일별'!$B:$B,"<="&$C17) -> 817 | O17: =F17/J17 -> 12553.376 | P17: =IFERROR(F17/K17,0) -> 17685.417 | Q17: =I17/H17 -> 0.84938036 | R17: =J17/I17 -> 0.42484676 | S17: =K17/I17 -> 0.30156263 | T17: =IFERROR(N17/(M17+N17),0) -> 0.027026133 | U17: =IFERROR(E17/M17,0) -> 10728.857 | V17: =AVERAGEIFS('전체 일별'!$AF:$AF,'전체 일별'!$B:$B,">="&$B17,'전체 일별'!$B:$B,"<="&$C17) -> 0.083790323 | W17: =AVERAGEIFS('전체 일별'!$AB:$AB,'전체 일별'!$B:$B,">="&$B17,'전체 일별'!$B:$B,"<="&$C17) -> 0.13226129 | X17: =AVERAGEIFS('전체 일별'!$X:$X,'전체 일별'!$B:$B,">="&$B17,'전체 일별'!$B:$B,"<="&$C17) -> 0.16101613 | Y17: =AVERAGEIFS('전체 일별'!$BG:$BG,'전체 일별'!$B:$B,">="&$B17,'전체 일별'!$B:$B,"<="&$C17) -> 0.25195806 | Z17: =AVERAGEIFS('전체 일별'!$BI:$BI,'전체 일별'!$B:$B,">="&$B17,'전체 일별'!$B:$B,"<="&$C17) -> 0.37339032 | AA17: =1/(AVERAGE(V13:V15)/AVERAGE($Z13:$Z15)) -> 2.9698314 | AB17: =1/(AVERAGE(W13:W15)/AVERAGE($Z13:$Z15)) -> 2.2417854 | AC17: =1/(AVERAGE(X13:X15)/AVERAGE($Z13:$Z15)) -> 1.9099018 | AD17: =1/(AVERAGE(Y13:Y15)/AVERAGE($Z13:$Z15)) -> 1.3807579
B18: 45748 | C18: 45777 | D18: 25년 4월 | E18: =SUMIFS('전체 일별'!$BA:$BA,'전체 일별'!$B:$B,">="&$B18,'전체 일별'!$B:$B,"<="&$C18) -> 379106261 | F18: =SUMIFS('전체 일별'!$L:$L,'전체 일별'!$B:$B,">="&$B18,'전체 일별'!$B:$B,"<="&$C18) -> 69261943 | G18: =SUMIFS('전체 일별'!$O:$O,'전체 일별'!$B:$B,">="&$B18,'전체 일별'!$B:$B,"<="&$C18) -> 17815 | H18: =SUMIFS('전체 일별'!$AQ:$AQ,'전체 일별'!$B:$B,">="&$B18,'전체 일별'!$B:$B,"<="&$C18) -> 13202 | I18: =SUMIFS('전체 일별'!$AR:$AR,'전체 일별'!$B:$B,">="&$B18,'전체 일별'!$B:$B,"<="&$C18) -> 11586 | J18: =SUMIFS('전체 일별'!$AJ:$AJ,'전체 일별'!$B:$B,">="&$B18,'전체 일별'!$B:$B,"<="&$C18) -> 5800 | K18: =SUMIFS('전체 일별'!$Z:$Z,'전체 일별'!$B:$B,">="&$B18,'전체 일별'!$B:$B,"<="&$C18) -> 4017 | L18: =SUMIFS('전체 일별'!$AL:$AL,'전체 일별'!$B:$B,">="&$B18,'전체 일별'!$B:$B,"<="&$C18) -> 37674 | M18: =SUMIFS('전체 일별'!$AO:$AO,'전체 일별'!$B:$B,">="&$B18,'전체 일별'!$B:$B,"<="&$C18) -> 35184 | N18: =SUMIFS('전체 일별'!$AP:$AP,'전체 일별'!$B:$B,">="&$B18,'전체 일별'!$B:$B,"<="&$C18) -> 896 | O18: =F18/J18 -> 11941.714 | P18: =IFERROR(F18/K18,0) -> 17242.206 | Q18: =I18/H18 -> 0.8775943 | R18: =J18/I18 -> 0.50060418 | S18: =K18/I18 -> 0.34671155 | T18: =IFERROR(N18/(M18+N18),0) -> 0.024833703 | U18: =IFERROR(E18/M18,0) -> 10774.962 | V18: =AVERAGEIFS('전체 일별'!$AF:$AF,'전체 일별'!$B:$B,">="&$B18,'전체 일별'!$B:$B,"<="&$C18) -> 0.10652333 | W18: =AVERAGEIFS('전체 일별'!$AB:$AB,'전체 일별'!$B:$B,">="&$B18,'전체 일별'!$B:$B,"<="&$C18) -> 0.16188 | X18: =AVERAGEIFS('전체 일별'!$X:$X,'전체 일별'!$B:$B,">="&$B18,'전체 일별'!$B:$B,"<="&$C18) -> 0.1928 | Y18: =AVERAGEIFS('전체 일별'!$BG:$BG,'전체 일별'!$B:$B,">="&$B18,'전체 일별'!$B:$B,"<="&$C18) -> 0.28508 | Z18: =AVERAGEIFS('전체 일별'!$BI:$BI,'전체 일별'!$B:$B,">="&$B18,'전체 일별'!$B:$B,"<="&$C18) -> 0.40518667 | AA18: =1/(AVERAGE(V14:V16)/AVERAGE($Z14:$Z16)) -> 2.8673502 | AB18: =1/(AVERAGE(W14:W16)/AVERAGE($Z14:$Z16)) -> 2.1310083 | AC18: =1/(AVERAGE(X14:X16)/AVERAGE($Z14:$Z16)) -> 1.7989578 | AD18: =1/(AVERAGE(Y14:Y16)/AVERAGE($Z14:$Z16)) -> 1.2802199
B19: 45778 | C19: 45808 | D19: 25년 5월 | E19: =SUMIFS('전체 일별'!$BA:$BA,'전체 일별'!$B:$B,">="&$B19,'전체 일별'!$B:$B,"<="&$C19) -> 447113043 | F19: =SUMIFS('전체 일별'!$L:$L,'전체 일별'!$B:$B,">="&$B19,'전체 일별'!$B:$B,"<="&$C19) -> 78454723 | G19: =SUMIFS('전체 일별'!$O:$O,'전체 일별'!$B:$B,">="&$B19,'전체 일별'!$B:$B,"<="&$C19) -> 19561 | H19: =SUMIFS('전체 일별'!$AQ:$AQ,'전체 일별'!$B:$B,">="&$B19,'전체 일별'!$B:$B,"<="&$C19) -> 14822 | I19: =SUMIFS('전체 일별'!$AR:$AR,'전체 일별'!$B:$B,">="&$B19,'전체 일별'!$B:$B,"<="&$C19) -> 13368 | J19: =SUMIFS('전체 일별'!$AJ:$AJ,'전체 일별'!$B:$B,">="&$B19,'전체 일별'!$B:$B,"<="&$C19) -> 6293 | K19: =SUMIFS('전체 일별'!$Z:$Z,'전체 일별'!$B:$B,">="&$B19,'전체 일별'!$B:$B,"<="&$C19) -> 4616 | L19: =SUMIFS('전체 일별'!$AL:$AL,'전체 일별'!$B:$B,">="&$B19,'전체 일별'!$B:$B,"<="&$C19) -> 45516 | M19: =SUMIFS('전체 일별'!$AO:$AO,'전체 일별'!$B:$B,">="&$B19,'전체 일별'!$B:$B,"<="&$C19) -> 42042 | N19: =SUMIFS('전체 일별'!$AP:$AP,'전체 일별'!$B:$B,">="&$B19,'전체 일별'!$B:$B,"<="&$C19) -> 1237 | O19: =F19/J19 -> 12466.983 | P19: =IFERROR(F19/K19,0) -> 16996.257 | Q19: =I19/H19 -> 0.90190258 | R19: =J19/I19 -> 0.47075105 | S19: =K19/I19 -> 0.34530221 | T19: =IFERROR(N19/(M19+N19),0) -> 0.028581991 | U19: =IFERROR(E19/M19,0) -> 10634.914 | V19: =AVERAGEIFS('전체 일별'!$AF:$AF,'전체 일별'!$B:$B,">="&$B19,'전체 일별'!$B:$B,"<="&$C19) -> 0.090970968 | W19: =AVERAGEIFS('전체 일별'!$AB:$AB,'전체 일별'!$B:$B,">="&$B19,'전체 일별'!$B:$B,"<="&$C19) -> 0.14526129 | X19: =AVERAGEIFS('전체 일별'!$X:$X,'전체 일별'!$B:$B,">="&$B19,'전체 일별'!$B:$B,"<="&$C19) -> 0.17693226 | Y19: =AVERAGEIFS('전체 일별'!$BG:$BG,'전체 일별'!$B:$B,">="&$B19,'전체 일별'!$B:$B,"<="&$C19) -> 0.26690645 | Z19: =AVERAGEIFS('전체 일별'!$BI:$BI,'전체 일별'!$B:$B,">="&$B19,'전체 일별'!$B:$B,"<="&$C19) -> 0.38894516 | AA19: =1/(AVERAGE(V15:V17)/AVERAGE($Z15:$Z17)) -> 3.3410537 | AB19: =1/(AVERAGE(W15:W17)/AVERAGE($Z15:$Z17)) -> 2.364533 | AC19: =1/(AVERAGE(X15:X17)/AVERAGE($Z15:$Z17)) -> 1.9550438 | AD19: =1/(AVERAGE(Y15:Y17)/AVERAGE($Z15:$Z17)) -> 1.3347778
B20: 45809 | C20: 45838 | D20: 25년 6월 | E20: =SUMIFS('전체 일별'!$BA:$BA,'전체 일별'!$B:$B,">="&$B20,'전체 일별'!$B:$B,"<="&$C20) -> 553181294 | F20: =SUMIFS('전체 일별'!$L:$L,'전체 일별'!$B:$B,">="&$B20,'전체 일별'!$B:$B,"<="&$C20) -> 100123746 | G20: =SUMIFS('전체 일별'!$O:$O,'전체 일별'!$B:$B,">="&$B20,'전체 일별'!$B:$B,"<="&$C20) -> 25741 | H20: =SUMIFS('전체 일별'!$AQ:$AQ,'전체 일별'!$B:$B,">="&$B20,'전체 일별'!$B:$B,"<="&$C20) -> 19124 | I20: =SUMIFS('전체 일별'!$AR:$AR,'전체 일별'!$B:$B,">="&$B20,'전체 일별'!$B:$B,"<="&$C20) -> 16670 | J20: =SUMIFS('전체 일별'!$AJ:$AJ,'전체 일별'!$B:$B,">="&$B20,'전체 일별'!$B:$B,"<="&$C20) -> 7587 | K20: =SUMIFS('전체 일별'!$Z:$Z,'전체 일별'!$B:$B,">="&$B20,'전체 일별'!$B:$B,"<="&$C20) -> 5742 | L20: =SUMIFS('전체 일별'!$AL:$AL,'전체 일별'!$B:$B,">="&$B20,'전체 일별'!$B:$B,"<="&$C20) -> 64568 | M20: =SUMIFS('전체 일별'!$AO:$AO,'전체 일별'!$B:$B,">="&$B20,'전체 일별'!$B:$B,"<="&$C20) -> 51211 | N20: =SUMIFS('전체 일별'!$AP:$AP,'전체 일별'!$B:$B,">="&$B20,'전체 일별'!$B:$B,"<="&$C20) -> 1531 | O20: =F20/J20 -> 13196.75 | P20: =IFERROR(F20/K20,0) -> 17437.086 | Q20: =I20/H20 -> 0.87167956 | R20: =J20/I20 -> 0.45512897 | S20: =K20/I20 -> 0.34445111 | T20: =IFERROR(N20/(M20+N20),0) -> 0.029028099 | U20: =IFERROR(E20/M20,0) -> 10802.001 | V20: =AVERAGEIFS('전체 일별'!$AF:$AF,'전체 일별'!$B:$B,">="&$B20,'전체 일별'!$B:$B,"<="&$C20) -> 0.09001 | W20: =AVERAGEIFS('전체 일별'!$AB:$AB,'전체 일별'!$B:$B,">="&$B20,'전체 일별'!$B:$B,"<="&$C20) -> 0.14293333 | X20: =AVERAGEIFS('전체 일별'!$X:$X,'전체 일별'!$B:$B,">="&$B20,'전체 일별'!$B:$B,"<="&$C20) -> 0.17341667 | Y20: =AVERAGEIFS('전체 일별'!$BG:$BG,'전체 일별'!$B:$B,">="&$B20,'전체 일별'!$B:$B,"<="&$C20) -> 0.26677 | Z20: =AVERAGEIFS('전체 일별'!$BI:$BI,'전체 일별'!$B:$B,">="&$B20,'전체 일별'!$B:$B,"<="&$C20) -> 0.38584 | AA20: =1/(AVERAGE(V16:V18)/AVERAGE($Z16:$Z18)) -> 3.5632169 | AB20: =1/(AVERAGE(W16:W18)/AVERAGE($Z16:$Z18)) -> 2.3887321 | AC20: =1/(AVERAGE(X16:X18)/AVERAGE($Z16:$Z18)) -> 1.9807287 | AD20: =1/(AVERAGE(Y16:Y18)/AVERAGE($Z16:$Z18)) -> 1.3396811
B21: 45839 | C21: 45869 | D21: 25년 7월 | E21: =SUMIFS('전체 일별'!$BA:$BA,'전체 일별'!$B:$B,">="&$B21,'전체 일별'!$B:$B,"<="&$C21) -> 697002826 | F21: =SUMIFS('전체 일별'!$L:$L,'전체 일별'!$B:$B,">="&$B21,'전체 일별'!$B:$B,"<="&$C21) -> 167116366 | G21: =SUMIFS('전체 일별'!$O:$O,'전체 일별'!$B:$B,">="&$B21,'전체 일별'!$B:$B,"<="&$C21) -> 35054 | H21: =SUMIFS('전체 일별'!$AQ:$AQ,'전체 일별'!$B:$B,">="&$B21,'전체 일별'!$B:$B,"<="&$C21) -> 25695 | I21: =SUMIFS('전체 일별'!$AR:$AR,'전체 일별'!$B:$B,">="&$B21,'전체 일별'!$B:$B,"<="&$C21) -> 22582 | J21: =SUMIFS('전체 일별'!$AJ:$AJ,'전체 일별'!$B:$B,">="&$B21,'전체 일별'!$B:$B,"<="&$C21) -> 10300 | K21: =SUMIFS('전체 일별'!$Z:$Z,'전체 일별'!$B:$B,">="&$B21,'전체 일별'!$B:$B,"<="&$C21) -> 8122 | L21: =SUMIFS('전체 일별'!$AL:$AL,'전체 일별'!$B:$B,">="&$B21,'전체 일별'!$B:$B,"<="&$C21) -> 81394 | M21: =SUMIFS('전체 일별'!$AO:$AO,'전체 일별'!$B:$B,">="&$B21,'전체 일별'!$B:$B,"<="&$C21) -> 63467 | N21: =SUMIFS('전체 일별'!$AP:$AP,'전체 일별'!$B:$B,">="&$B21,'전체 일별'!$B:$B,"<="&$C21) -> 1837 | O21: =F21/J21 -> 16224.89 | P21: =IFERROR(F21/K21,0) -> 20575.765 | Q21: =I21/H21 -> 0.87884802 | R21: =J21/I21 -> 0.45611549 | S21: =K21/I21 -> 0.35966699 | T21: =IFERROR(N21/(M21+N21),0) -> 0.028129977 | U21: =IFERROR(E21/M21,0) -> 10982.13 | V21: =AVERAGEIFS('전체 일별'!$AF:$AF,'전체 일별'!$B:$B,">="&$B21,'전체 일별'!$B:$B,"<="&$C21) -> 0.091151613 | W21: =AVERAGEIFS('전체 일별'!$AB:$AB,'전체 일별'!$B:$B,">="&$B21,'전체 일별'!$B:$B,"<="&$C21) -> 0.1457129 | X21: =AVERAGEIFS('전체 일별'!$X:$X,'전체 일별'!$B:$B,">="&$B21,'전체 일별'!$B:$B,"<="&$C21) -> 0.17883871 | Y21: =AVERAGEIFS('전체 일별'!$BG:$BG,'전체 일별'!$B:$B,">="&$B21,'전체 일별'!$B:$B,"<="&$C21) -> 0.26662581 | Z21: =AVERAGEIFS('전체 일별'!$BI:$BI,'전체 일별'!$B:$B,">="&$B21,'전체 일별'!$B:$B,"<="&$C21) -> 0.37973226 | AA21: =1/(AVERAGE(V17:V19)/AVERAGE($Z17:$Z19)) -> 4.1506789 | AB21: =1/(AVERAGE(W17:W19)/AVERAGE($Z17:$Z19)) -> 2.6570671 | AC21: =1/(AVERAGE(X17:X19)/AVERAGE($Z17:$Z19)) -> 2.1997658 | AD21: =1/(AVERAGE(Y17:Y19)/AVERAGE($Z17:$Z19)) -> 1.4522422
B22: 45870 | C22: 45900 | D22: 25년 8월 | E22: =SUMIFS('전체 일별'!$BA:$BA,'전체 일별'!$B:$B,">="&$B22,'전체 일별'!$B:$B,"<="&$C22) -> 753028059 | F22: =SUMIFS('전체 일별'!$L:$L,'전체 일별'!$B:$B,">="&$B22,'전체 일별'!$B:$B,"<="&$C22) -> 130112974 | G22: =SUMIFS('전체 일별'!$O:$O,'전체 일별'!$B:$B,">="&$B22,'전체 일별'!$B:$B,"<="&$C22) -> 41421 | H22: =SUMIFS('전체 일별'!$AQ:$AQ,'전체 일별'!$B:$B,">="&$B22,'전체 일별'!$B:$B,"<="&$C22) -> 26194 | I22: =SUMIFS('전체 일별'!$AR:$AR,'전체 일별'!$B:$B,">="&$B22,'전체 일별'!$B:$B,"<="&$C22) -> 22532 | J22: =SUMIFS('전체 일별'!$AJ:$AJ,'전체 일별'!$B:$B,">="&$B22,'전체 일별'!$B:$B,"<="&$C22) -> 9549 | K22: =SUMIFS('전체 일별'!$Z:$Z,'전체 일별'!$B:$B,">="&$B22,'전체 일별'!$B:$B,"<="&$C22) -> 7003 | L22: =SUMIFS('전체 일별'!$AL:$AL,'전체 일별'!$B:$B,">="&$B22,'전체 일별'!$B:$B,"<="&$C22) -> 88419 | M22: =SUMIFS('전체 일별'!$AO:$AO,'전체 일별'!$B:$B,">="&$B22,'전체 일별'!$B:$B,"<="&$C22) -> 71334 | N22: =SUMIFS('전체 일별'!$AP:$AP,'전체 일별'!$B:$B,">="&$B22,'전체 일별'!$B:$B,"<="&$C22) -> 2113 | O22: =F22/J22 -> 13625.822 | P22: =IFERROR(F22/K22,0) -> 18579.605 | Q22: =I22/H22 -> 0.86019699 | R22: =J22/I22 -> 0.42379727 | S22: =K22/I22 -> 0.31080241 | T22: =IFERROR(N22/(M22+N22),0) -> 0.028769044 | U22: =IFERROR(E22/M22,0) -> 10556.369 | V22: =AVERAGEIFS('전체 일별'!$AF:$AF,'전체 일별'!$B:$B,">="&$B22,'전체 일별'!$B:$B,"<="&$C22) -> 0.078390323 | W22: =AVERAGEIFS('전체 일별'!$AB:$AB,'전체 일별'!$B:$B,">="&$B22,'전체 일별'!$B:$B,"<="&$C22) -> 0.12290645 | X22: =AVERAGEIFS('전체 일별'!$X:$X,'전체 일별'!$B:$B,">="&$B22,'전체 일별'!$B:$B,"<="&$C22) -> 0.15313871 | Y22: =AVERAGEIFS('전체 일별'!$BG:$BG,'전체 일별'!$B:$B,">="&$B22,'전체 일별'!$B:$B,"<="&$C22) -> 0.22661613 | Z22: =AVERAGEIFS('전체 일별'!$BI:$BI,'전체 일별'!$B:$B,">="&$B22,'전체 일별'!$B:$B,"<="&$C22) -> 0.33176452 | AA22: =1/(AVERAGE(V18:V20)/AVERAGE($Z18:$Z20)) -> 4.1041884 | AB22: =1/(AVERAGE(W18:W20)/AVERAGE($Z18:$Z20)) -> 2.6217249 | AC22: =1/(AVERAGE(X18:X20)/AVERAGE($Z18:$Z20)) -> 2.1724646 | AD22: =1/(AVERAGE(Y18:Y20)/AVERAGE($Z18:$Z20)) -> 1.4411756
B23: 45901 | C23: 45930 | D23: 25년 9월 | E23: =SUMIFS('전체 일별'!$BA:$BA,'전체 일별'!$B:$B,">="&$B23,'전체 일별'!$B:$B,"<="&$C23) -> 773570302 | F23: =SUMIFS('전체 일별'!$L:$L,'전체 일별'!$B:$B,">="&$B23,'전체 일별'!$B:$B,"<="&$C23) -> 124710628 | G23: =SUMIFS('전체 일별'!$O:$O,'전체 일별'!$B:$B,">="&$B23,'전체 일별'!$B:$B,"<="&$C23) -> 36364 | H23: =SUMIFS('전체 일별'!$AQ:$AQ,'전체 일별'!$B:$B,">="&$B23,'전체 일별'!$B:$B,"<="&$C23) -> 23084 | I23: =SUMIFS('전체 일별'!$AR:$AR,'전체 일별'!$B:$B,">="&$B23,'전체 일별'!$B:$B,"<="&$C23) -> 19551 | J23: =SUMIFS('전체 일별'!$AJ:$AJ,'전체 일별'!$B:$B,">="&$B23,'전체 일별'!$B:$B,"<="&$C23) -> 8660 | K23: =SUMIFS('전체 일별'!$Z:$Z,'전체 일별'!$B:$B,">="&$B23,'전체 일별'!$B:$B,"<="&$C23) -> 6449 | L23: =SUMIFS('전체 일별'!$AL:$AL,'전체 일별'!$B:$B,">="&$B23,'전체 일별'!$B:$B,"<="&$C23) -> 86986 | M23: =SUMIFS('전체 일별'!$AO:$AO,'전체 일별'!$B:$B,">="&$B23,'전체 일별'!$B:$B,"<="&$C23) -> 71355 | N23: =SUMIFS('전체 일별'!$AP:$AP,'전체 일별'!$B:$B,">="&$B23,'전체 일별'!$B:$B,"<="&$C23) -> 2186 | O23: =F23/J23 -> 14400.765 | P23: =IFERROR(F23/K23,0) -> 19337.979 | Q23: =I23/H23 -> 0.84695027 | R23: =J23/I23 -> 0.44294409 | S23: =K23/I23 -> 0.32985525 | T23: =IFERROR(N23/(M23+N23),0) -> 0.029724915 | U23: =IFERROR(E23/M23,0) -> 10841.151 | V23: =AVERAGEIFS('전체 일별'!$AF:$AF,'전체 일별'!$B:$B,">="&$B23,'전체 일별'!$B:$B,"<="&$C23) -> 0.08269 | W23: =AVERAGEIFS('전체 일별'!$AB:$AB,'전체 일별'!$B:$B,">="&$B23,'전체 일별'!$B:$B,"<="&$C23) -> 0.12488 | X23: =AVERAGEIFS('전체 일별'!$X:$X,'전체 일별'!$B:$B,">="&$B23,'전체 일별'!$B:$B,"<="&$C23) -> 0.15226667 | Y23: =AVERAGEIFS('전체 일별'!$BG:$BG,'전체 일별'!$B:$B,">="&$B23,'전체 일별'!$B:$B,"<="&$C23) -> 0.22862667 | Z23: =AVERAGEIFS('전체 일별'!$BI:$BI,'전체 일별'!$B:$B,">="&$B23,'전체 일별'!$B:$B,"<="&$C23) -> 0.33773667 | AA23: =1/(AVERAGE(V19:V21)/AVERAGE($Z19:$Z21)) -> 4.2424814 | AB23: =1/(AVERAGE(W19:W21)/AVERAGE($Z19:$Z21)) -> 2.6607453 | AC23: =1/(AVERAGE(X19:X21)/AVERAGE($Z19:$Z21)) -> 2.1816788 | AD23: =1/(AVERAGE(Y19:Y21)/AVERAGE($Z19:$Z21)) -> 1.4426017
B24: 45931 | C24: 45961 | D24: 25년 10월 | E24: =SUMIFS('전체 일별'!$BA:$BA,'전체 일별'!$B:$B,">="&$B24,'전체 일별'!$B:$B,"<="&$C24) -> 900133114 | F24: =SUMIFS('전체 일별'!$L:$L,'전체 일별'!$B:$B,">="&$B24,'전체 일별'!$B:$B,"<="&$C24) -> 199016283 | G24: =SUMIFS('전체 일별'!$O:$O,'전체 일별'!$B:$B,">="&$B24,'전체 일별'!$B:$B,"<="&$C24) -> 43324 | H24: =SUMIFS('전체 일별'!$AQ:$AQ,'전체 일별'!$B:$B,">="&$B24,'전체 일별'!$B:$B,"<="&$C24) -> 28501 | I24: =SUMIFS('전체 일별'!$AR:$AR,'전체 일별'!$B:$B,">="&$B24,'전체 일별'!$B:$B,"<="&$C24) -> 24449 | J24: =SUMIFS('전체 일별'!$AJ:$AJ,'전체 일별'!$B:$B,">="&$B24,'전체 일별'!$B:$B,"<="&$C24) -> 10220 | K24: =SUMIFS('전체 일별'!$Z:$Z,'전체 일별'!$B:$B,">="&$B24,'전체 일별'!$B:$B,"<="&$C24) -> 7754 | L24: =SUMIFS('전체 일별'!$AL:$AL,'전체 일별'!$B:$B,">="&$B24,'전체 일별'!$B:$B,"<="&$C24) -> 99409 | M24: =SUMIFS('전체 일별'!$AO:$AO,'전체 일별'!$B:$B,">="&$B24,'전체 일별'!$B:$B,"<="&$C24) -> 79394 | N24: =SUMIFS('전체 일별'!$AP:$AP,'전체 일별'!$B:$B,">="&$B24,'전체 일별'!$B:$B,"<="&$C24) -> 2277 | O24: =F24/J24 -> 19473.218 | P24: =IFERROR(F24/K24,0) -> 25666.273 | Q24: =I24/H24 -> 0.85782955 | R24: =J24/I24 -> 0.41801301 | S24: =K24/I24 -> 0.31714999 | T24: =IFERROR(N24/(M24+N24),0) -> 0.027880153 | U24: =IFERROR(E24/M24,0) -> 11337.546 | V24: =AVERAGEIFS('전체 일별'!$AF:$AF,'전체 일별'!$B:$B,">="&$B24,'전체 일별'!$B:$B,"<="&$C24) -> 0.080093548 | W24: =AVERAGEIFS('전체 일별'!$AB:$AB,'전체 일별'!$B:$B,">="&$B24,'전체 일별'!$B:$B,"<="&$C24) -> 0.11995484 | X24: =AVERAGEIFS('전체 일별'!$X:$X,'전체 일별'!$B:$B,">="&$B24,'전체 일별'!$B:$B,"<="&$C24) -> 0.14634839 | Y24: =AVERAGEIFS('전체 일별'!$BG:$BG,'전체 일별'!$B:$B,">="&$B24,'전체 일별'!$B:$B,"<="&$C24) -> 0.22246774 | Z24: =AVERAGEIFS('전체 일별'!$BI:$BI,'전체 일별'!$B:$B,">="&$B24,'전체 일별'!$B:$B,"<="&$C24) -> 0.32783871 | AA24: =1/(AVERAGE(V20:V22)/AVERAGE($Z20:$Z22)) -> 4.2278119 | AB24: =1/(AVERAGE(W20:W22)/AVERAGE($Z20:$Z22)) -> 2.6663336 | AC24: =1/(AVERAGE(X20:X22)/AVERAGE($Z20:$Z22)) -> 2.1712497 | AD24: =1/(AVERAGE(Y20:Y22)/AVERAGE($Z20:$Z22)) -> 1.4438415
B25: 45962 | C25: 45991 | D25: 25년 11월 | E25: =SUMIFS('전체 일별'!$BA:$BA,'전체 일별'!$B:$B,">="&$B25,'전체 일별'!$B:$B,"<="&$C25) -> 897464373 | F25: =SUMIFS('전체 일별'!$L:$L,'전체 일별'!$B:$B,">="&$B25,'전체 일별'!$B:$B,"<="&$C25) -> 183333176 | G25: =SUMIFS('전체 일별'!$O:$O,'전체 일별'!$B:$B,">="&$B25,'전체 일별'!$B:$B,"<="&$C25) -> 29265 | H25: =SUMIFS('전체 일별'!$AQ:$AQ,'전체 일별'!$B:$B,">="&$B25,'전체 일별'!$B:$B,"<="&$C25) -> 21116 | I25: =SUMIFS('전체 일별'!$AR:$AR,'전체 일별'!$B:$B,">="&$B25,'전체 일별'!$B:$B,"<="&$C25) -> 18618 | J25: =SUMIFS('전체 일별'!$AJ:$AJ,'전체 일별'!$B:$B,">="&$B25,'전체 일별'!$B:$B,"<="&$C25) -> 8912 | K25: =SUMIFS('전체 일별'!$Z:$Z,'전체 일별'!$B:$B,">="&$B25,'전체 일별'!$B:$B,"<="&$C25) -> 6472 | L25: =SUMIFS('전체 일별'!$AL:$AL,'전체 일별'!$B:$B,">="&$B25,'전체 일별'!$B:$B,"<="&$C25) -> 96658 | M25: =SUMIFS('전체 일별'!$AO:$AO,'전체 일별'!$B:$B,">="&$B25,'전체 일별'!$B:$B,"<="&$C25) -> 86602 | N25: =SUMIFS('전체 일별'!$AP:$AP,'전체 일별'!$B:$B,">="&$B25,'전체 일별'!$B:$B,"<="&$C25) -> 2130 | O25: =F25/J25 -> 20571.496 | P25: =IFERROR(F25/K25,0) -> 28327.129 | Q25: =I25/H25 -> 0.88170108 | R25: =J25/I25 -> 0.47867655 | S25: =K25/I25 -> 0.34762058 | T25: =IFERROR(N25/(M25+N25),0) -> 0.024004869 | U25: =IFERROR(E25/M25,0) -> 10363.091 | V25: =AVERAGEIFS('전체 일별'!$AF:$AF,'전체 일별'!$B:$B,">="&$B25,'전체 일별'!$B:$B,"<="&$C25) -> 0.091843333 | W25: =AVERAGEIFS('전체 일별'!$AB:$AB,'전체 일별'!$B:$B,">="&$B25,'전체 일별'!$B:$B,"<="&$C25) -> 0.13614333 | X25: =AVERAGEIFS('전체 일별'!$X:$X,'전체 일별'!$B:$B,">="&$B25,'전체 일별'!$B:$B,"<="&$C25) -> 0.16315667 | Y25: =AVERAGEIFS('전체 일별'!$BG:$BG,'전체 일별'!$B:$B,">="&$B25,'전체 일별'!$B:$B,"<="&$C25) -> 0.24122667 | Z25: =AVERAGEIFS('전체 일별'!$BI:$BI,'전체 일별'!$B:$B,">="&$B25,'전체 일별'!$B:$B,"<="&$C25) -> 0.35342333 | AA25: =1/(AVERAGE(V21:V23)/AVERAGE($Z21:$Z23)) -> 4.1597962 | AB25: =1/(AVERAGE(W21:W23)/AVERAGE($Z21:$Z23)) -> 2.6664172 | AC25: =1/(AVERAGE(X21:X23)/AVERAGE($Z21:$Z23)) -> 2.166745 | AD25: =1/(AVERAGE(Y21:Y23)/AVERAGE($Z21:$Z23)) -> 1.4534964
B26: 45992 | C26: 46022 | D26: 25년 12월 | E26: =SUMIFS('전체 일별'!$BA:$BA,'전체 일별'!$B:$B,">="&$B26,'전체 일별'!$B:$B,"<="&$C26) -> 1030658963 | F26: =SUMIFS('전체 일별'!$L:$L,'전체 일별'!$B:$B,">="&$B26,'전체 일별'!$B:$B,"<="&$C26) -> 286129320 | G26: =SUMIFS('전체 일별'!$O:$O,'전체 일별'!$B:$B,">="&$B26,'전체 일별'!$B:$B,"<="&$C26) -> 38275 | H26: =SUMIFS('전체 일별'!$AQ:$AQ,'전체 일별'!$B:$B,">="&$B26,'전체 일별'!$B:$B,"<="&$C26) -> 27154 | I26: =SUMIFS('전체 일별'!$AR:$AR,'전체 일별'!$B:$B,">="&$B26,'전체 일별'!$B:$B,"<="&$C26) -> 24481 | J26: =SUMIFS('전체 일별'!$AJ:$AJ,'전체 일별'!$B:$B,">="&$B26,'전체 일별'!$B:$B,"<="&$C26) -> 12663 | K26: =SUMIFS('전체 일별'!$Z:$Z,'전체 일별'!$B:$B,">="&$B26,'전체 일별'!$B:$B,"<="&$C26) -> 10784 | L26: =SUMIFS('전체 일별'!$AL:$AL,'전체 일별'!$B:$B,">="&$B26,'전체 일별'!$B:$B,"<="&$C26) -> 114524 | M26: =SUMIFS('전체 일별'!$AO:$AO,'전체 일별'!$B:$B,">="&$B26,'전체 일별'!$B:$B,"<="&$C26) -> 108288 | N26: =SUMIFS('전체 일별'!$AP:$AP,'전체 일별'!$B:$B,">="&$B26,'전체 일별'!$B:$B,"<="&$C26) -> 2013 | O26: =F26/J26 -> 22595.698 | P26: =IFERROR(F26/K26,0) -> 26532.763 | Q26: =I26/H26 -> 0.90156146 | R26: =J26/I26 -> 0.51725828 | S26: =K26/I26 -> 0.44050488 | T26: =IFERROR(N26/(M26+N26),0) -> 0.018250061 | U26: =IFERROR(E26/M26,0) -> 9517.7579 | V26: =AVERAGEIFS('전체 일별'!$AF:$AF,'전체 일별'!$B:$B,">="&$B26,'전체 일별'!$B:$B,"<="&$C26) -> 0.1043 | W26: =AVERAGEIFS('전체 일별'!$AB:$AB,'전체 일별'!$B:$B,">="&$B26,'전체 일별'!$B:$B,"<="&$C26) -> 0.16181935 | X26: =AVERAGEIFS('전체 일별'!$X:$X,'전체 일별'!$B:$B,">="&$B26,'전체 일별'!$B:$B,"<="&$C26) -> 0.19909032 | Y26: =AVERAGEIFS('전체 일별'!$BG:$BG,'전체 일별'!$B:$B,">="&$B26,'전체 일별'!$B:$B,"<="&$C26) -> 0.2978129 | Z26: =AVERAGEIFS('전체 일별'!$BI:$BI,'전체 일별'!$B:$B,">="&$B26,'전체 일별'!$B:$B,"<="&$C26) -> 0.42697419 | AA26: =1/(AVERAGE(V22:V24)/AVERAGE($Z22:$Z24)) -> 4.1353563 | AB26: =1/(AVERAGE(W22:W24)/AVERAGE($Z22:$Z24)) -> 2.7120694 | AC26: =1/(AVERAGE(X22:X24)/AVERAGE($Z22:$Z24)) -> 2.2077069 | AD26: =1/(AVERAGE(Y22:Y24)/AVERAGE($Z22:$Z24)) -> 1.4716311
B27: 46023 | C27: 46053 | D27: 26년 1월 | E27: =SUMIFS('전체 일별'!$BA:$BA,'전체 일별'!$B:$B,">="&$B27,'전체 일별'!$B:$B,"<="&$C27) -> 1157562342 | F27: =SUMIFS('전체 일별'!$L:$L,'전체 일별'!$B:$B,">="&$B27,'전체 일별'!$B:$B,"<="&$C27) -> 271983456 | G27: =SUMIFS('전체 일별'!$O:$O,'전체 일별'!$B:$B,">="&$B27,'전체 일별'!$B:$B,"<="&$C27) -> 47724 | H27: =SUMIFS('전체 일별'!$AQ:$AQ,'전체 일별'!$B:$B,">="&$B27,'전체 일별'!$B:$B,"<="&$C27) -> 28061 | I27: =SUMIFS('전체 일별'!$AR:$AR,'전체 일별'!$B:$B,">="&$B27,'전체 일별'!$B:$B,"<="&$C27) -> 25115 | J27: =SUMIFS('전체 일별'!$AJ:$AJ,'전체 일별'!$B:$B,">="&$B27,'전체 일별'!$B:$B,"<="&$C27) -> 12182 | K27: =SUMIFS('전체 일별'!$Z:$Z,'전체 일별'!$B:$B,">="&$B27,'전체 일별'!$B:$B,"<="&$C27) -> 9262 | L27: =SUMIFS('전체 일별'!$AL:$AL,'전체 일별'!$B:$B,">="&$B27,'전체 일별'!$B:$B,"<="&$C27) -> 120633 | M27: =SUMIFS('전체 일별'!$AO:$AO,'전체 일별'!$B:$B,">="&$B27,'전체 일별'!$B:$B,"<="&$C27) -> 115246 | N27: =SUMIFS('전체 일별'!$AP:$AP,'전체 일별'!$B:$B,">="&$B27,'전체 일별'!$B:$B,"<="&$C27) -> 2084 | O27: =F27/J27 -> 22326.667 | P27: =IFERROR(F27/K27,0) -> 29365.521 | Q27: =I27/H27 -> 0.89501443 | R27: =J27/I27 -> 0.48504878 | S27: =K27/I27 -> 0.3687836 | T27: =IFERROR(N27/(M27+N27),0) -> 0.017761868 | U27: =IFERROR(E27/M27,0) -> 10044.273 | V27: =AVERAGEIFS('전체 일별'!$AF:$AF,'전체 일별'!$B:$B,">="&$B27,'전체 일별'!$B:$B,"<="&$C27) -> 0.0881 | W27: =AVERAGEIFS('전체 일별'!$AB:$AB,'전체 일별'!$B:$B,">="&$B27,'전체 일별'!$B:$B,"<="&$C27) -> 0.13939355 | X27: =AVERAGEIFS('전체 일별'!$X:$X,'전체 일별'!$B:$B,">="&$B27,'전체 일별'!$B:$B,"<="&$C27) -> 0.16923226 | Y27: =AVERAGEIFS('전체 일별'!$BG:$BG,'전체 일별'!$B:$B,">="&$B27,'전체 일별'!$B:$B,"<="&$C27) -> 0.25216774 | Z27: =AVERAGEIFS('전체 일별'!$BI:$BI,'전체 일별'!$B:$B,">="&$B27,'전체 일별'!$B:$B,"<="&$C27) -> 0.37063871 | AA27: =1/(AVERAGE(V23:V25)/AVERAGE($Z23:$Z25)) -> 4.001929 | AB27: =1/(AVERAGE(W23:W25)/AVERAGE($Z23:$Z25)) -> 2.6746905 | AC27: =1/(AVERAGE(X23:X25)/AVERAGE($Z23:$Z25)) -> 2.2067153 | AD27: =1/(AVERAGE(Y23:Y25)/AVERAGE($Z23:$Z25)) -> 1.4718586
... B30: 46113 | C30: 46142 | D30: 26년 4월 | E30: =SUMIFS('전체 일별'!$BA:$BA,'전체 일별'!$B:$B,">="&$B30,'전체 일별'!$B:$B,"<="&$C30) -> 1757436603 | F30: =SUMIFS('전체 일별'!$L:$L,'전체 일별'!$B:$B,">="&$B30,'전체 일별'!$B:$B,"<="&$C30) -> 453033127 | G30: =SUMIFS('전체 일별'!$O:$O,'전체 일별'!$B:$B,">="&$B30,'전체 일별'!$B:$B,"<="&$C30) -> 57937 | H30: =SUMIFS('전체 일별'!$AQ:$AQ,'전체 일별'!$B:$B,">="&$B30,'전체 일별'!$B:$B,"<="&$C30) -> 42054 | I30: =SUMIFS('전체 일별'!$AR:$AR,'전체 일별'!$B:$B,">="&$B30,'전체 일별'!$B:$B,"<="&$C30) -> 38970 | J30: =SUMIFS('전체 일별'!$AJ:$AJ,'전체 일별'!$B:$B,">="&$B30,'전체 일별'!$B:$B,"<="&$C30) -> 20328 | K30: =SUMIFS('전체 일별'!$Z:$Z,'전체 일별'!$B:$B,">="&$B30,'전체 일별'!$B:$B,"<="&$C30) -> 14221 | L30: =SUMIFS('전체 일별'!$AL:$AL,'전체 일별'!$B:$B,">="&$B30,'전체 일별'!$B:$B,"<="&$C30) -> 183181 | M30: =SUMIFS('전체 일별'!$AO:$AO,'전체 일별'!$B:$B,">="&$B30,'전체 일별'!$B:$B,"<="&$C30) -> 135931 | N30: =SUMIFS('전체 일별'!$AP:$AP,'전체 일별'!$B:$B,">="&$B30,'전체 일별'!$B:$B,"<="&$C30) -> 3709 | O30: =F30/J30 -> 22286.163 | P30: =IFERROR(F30/K30,0) -> 31856.629 | Q30: =I30/H30 -> 0.92666572 | R30: =J30/I30 -> 0.52163202 | S30: =K30/I30 -> 0.36492173 | T30: =IFERROR(N30/(M30+N30),0) -> 0.026561157 | U30: =IFERROR(E30/M30,0) -> 12928.887 | V30: =AVERAGEIFS('전체 일별'!$AF:$AF,'전체 일별'!$B:$B,">="&$B30,'전체 일별'!$B:$B,"<="&$C30) -> 0.07929 | W30: =AVERAGEIFS('전체 일별'!$AB:$AB,'전체 일별'!$B:$B,">="&$B30,'전체 일별'!$B:$B,"<="&$C30) -> 0.13647 | X30: =AVERAGEIFS('전체 일별'!$X:$X,'전체 일별'!$B:$B,">="&$B30,'전체 일별'!$B:$B,"<="&$C30) -> 0.16559667 | Y30: =AVERAGEIFS('전체 일별'!$BG:$BG,'전체 일별'!$B:$B,">="&$B30,'전체 일별'!$B:$B,"<="&$C30) -> 0.21340667 | Z30: =AVERAGEIFS('전체 일별'!$BI:$BI,'전체 일별'!$B:$B,">="&$B30,'전체 일별'!$B:$B,"<="&$C30) -> 0.013316667 | AA30: =1/(AVERAGE(V26:V28)/AVERAGE($Z26:$Z28)) -> 4.313458 | AB30: =1/(AVERAGE(W26:W28)/AVERAGE($Z26:$Z28)) -> 2.7329057 | AC30: =1/(AVERAGE(X26:X28)/AVERAGE($Z26:$Z28)) -> 2.2106203 | AD30: =1/(AVERAGE(Y26:Y28)/AVERAGE($Z26:$Z28)) -> 1.4645593
D31: 전월대비 | E31: =E29-E28 -> 331856735 | F31: =F29-F28 -> 157300052 | G31: =G29-G28 -> 17954 | H31: =H29-H28 -> 14762 | I31: =I29-I28 -> 13590 | J31: =J29-J28 -> 5799 | K31: =K29-K28 -> 2781 | L31: =L29-L28 -> 21493 | ... U31: =U29-U28 -> -125.93671
D32: 전전월대비 | E32: =E29-E27 -> 399738346 | F32: =F29-F27 -> 165918704 | G32: =G29-G27 -> 23592 | H32: =H29-H27 -> 20200 | I32: =I29-I27 -> 17942 | J32: =J29-J27 -> 6736 | K32: =K29-K27 -> 4177 | L32: =L29-L27 -> 27450 | ... U32: =U29-U27 -> -158.65857

Sheet 전체 주별
B2: 부터 | C2: 까지 | D2: 주별 | E2: B2C 매출 | F2: 총 광고비 | G2: 메타 P_CPA | H2: ASA P_CPA | I2: X P_CPA | J2: 구글 P_CPA | K2: GFA | L2: SA | M2: 틱톡 P_CPA | N2: 가입자 수 | O2: 지역 내 가입자 수 | P2: 신규 유저 | Q2: 신규 유저(D30) | R2: B2C 총 신청 수 | S2: B2C 수거 완료 | T2: B2C 수거 실패 | U2: CAC | V2: P_CAC(보정값) | W2: 지역내 가입율 | X2: 서비스 이용 전환율 | Y2: 수거 실패율 | Z2: 객단가 | AA2: 회원탈퇴수 | AB2: 메타 PU | AC2: ASA PU | AD2: 구글 PU | AE2: 트위터 | AF2: GFA | AG2: SA | AH2: 틱톡 PU | AI2: 부터 | AJ2: 까지 | AK2: 최근 7일 d7의 평균 | AL2: 최근 7일 d30의 평균 | AM2: 기존 Paid 비율 | AN2: 보정된 Paid 비율 | AO2: 보정 계수 | AP2: Unattributed | AQ2: Paid로 귀속시킬 비율
B3: 45438 | C3: 45444 | D3: 24년 5월 4주차 | E3: =SUMIFS('전체 일별'!$BA:$BA,'전체 일별'!$B:$B,">="&$B3,'전체 일별'!$B:$B,"<="&$C3) -> 14907026 | F3: =SUMIFS('전체 일별'!$L:$L,'전체 일별'!$B:$B,">="&$B3,'전체 일별'!$B:$B,"<="&$C3) -> 4453808 | G3: 0 | I3: 0 | N3: =SUMIFS('전체 일별'!$AQ:$AQ,'전체 일별'!$B:$B,">="&$B3,'전체 일별'!$B:$B,"<="&$C3) -> 1582 | O3: =SUMIFS('전체 일별'!$AR:$AR,'전체 일별'!$B:$B,">="&$B3,'전체 일별'!$B:$B,"<="&$C3) -> 812 | P3: =SUMIFS('전체 일별'!$AJ:$AJ,'전체 일별'!$B:$B,">="&$B3,'전체 일별'!$B:$B,"<="&$C3) -> 289 | R3: =SUMIFS('전체 일별'!$AL:$AL,'전체 일별'!$B:$B,">="&$B3,'전체 일별'!$B:$B,"<="&$C3) -> 1927 | S3: =SUMIFS('전체 일별'!$AO:$AO,'전체 일별'!$B:$B,">="&$B3,'전체 일별'!$B:$B,"<="&$C3) -> 1697 | T3: =SUMIFS('전체 일별'!$AP:$AP,'전체 일별'!$B:$B,">="&$B3,'전체 일별'!$B:$B,"<="&$C3) -> 89 | U3: =F3/P3 -> 15411.1 | W3: =O3/N3 -> 0.51327434 | X3: =P3/O3 -> 0.35591133 | Y3: =T3/(S3+T3) -> 0.049832027 | Z3: =E3/S3 -> 8784.3406 | AB3: 0 | AM3: 0 | AN3: 0
B4: 45445 | C4: 45451 | D4: 24년 6월 1주차 | E4: =SUMIFS('전체 일별'!$BA:$BA,'전체 일별'!$B:$B,">="&$B4,'전체 일별'!$B:$B,"<="&$C4) -> 15528788 | F4: =SUMIFS('전체 일별'!$L:$L,'전체 일별'!$B:$B,">="&$B4,'전체 일별'!$B:$B,"<="&$C4) -> 3865264 | G4: 0 | I4: 140 | N4: =SUMIFS('전체 일별'!$AQ:$AQ,'전체 일별'!$B:$B,">="&$B4,'전체 일별'!$B:$B,"<="&$C4) -> 1455 | O4: =SUMIFS('전체 일별'!$AR:$AR,'전체 일별'!$B:$B,">="&$B4,'전체 일별'!$B:$B,"<="&$C4) -> 832 | P4: =SUMIFS('전체 일별'!$AJ:$AJ,'전체 일별'!$B:$B,">="&$B4,'전체 일별'!$B:$B,"<="&$C4) -> 305 | R4: =SUMIFS('전체 일별'!$AL:$AL,'전체 일별'!$B:$B,">="&$B4,'전체 일별'!$B:$B,"<="&$C4) -> 2118 | S4: =SUMIFS('전체 일별'!$AO:$AO,'전체 일별'!$B:$B,">="&$B4,'전체 일별'!$B:$B,"<="&$C4) -> 1918 | T4: =SUMIFS('전체 일별'!$AP:$AP,'전체 일별'!$B:$B,">="&$B4,'전체 일별'!$B:$B,"<="&$C4) -> 77 | U4: =F4/P4 -> 12672.997 | W4: =O4/N4 -> 0.57182131 | X4: =P4/O4 -> 0.36658654 | Y4: =T4/(S4+T4) -> 0.038596491 | Z4: =E4/S4 -> 8096.3441 | AB4: 0 | AM4: 0 | AN4: 0
B5: 45452 | C5: 45458 | D5: 24년 6월 2주차 | E5: =SUMIFS('전체 일별'!$BA:$BA,'전체 일별'!$B:$B,">="&$B5,'전체 일별'!$B:$B,"<="&$C5) -> 17971394 | F5: =SUMIFS('전체 일별'!$L:$L,'전체 일별'!$B:$B,">="&$B5,'전체 일별'!$B:$B,"<="&$C5) -> 3918473 | G5: 0 | I5: 126 | N5: =SUMIFS('전체 일별'!$AQ:$AQ,'전체 일별'!$B:$B,">="&$B5,'전체 일별'!$B:$B,"<="&$C5) -> 1361 | O5: =SUMIFS('전체 일별'!$AR:$AR,'전체 일별'!$B:$B,">="&$B5,'전체 일별'!$B:$B,"<="&$C5) -> 1009 | P5: =SUMIFS('전체 일별'!$AJ:$AJ,'전체 일별'!$B:$B,">="&$B5,'전체 일별'!$B:$B,"<="&$C5) -> 315 | R5: =SUMIFS('전체 일별'!$AL:$AL,'전체 일별'!$B:$B,">="&$B5,'전체 일별'!$B:$B,"<="&$C5) -> 2312 | S5: =SUMIFS('전체 일별'!$AO:$AO,'전체 일별'!$B:$B,">="&$B5,'전체 일별'!$B:$B,"<="&$C5) -> 2093 | T5: =SUMIFS('전체 일별'!$AP:$AP,'전체 일별'!$B:$B,">="&$B5,'전체 일별'!$B:$B,"<="&$C5) -> 81 | U5: =F5/P5 -> 12439.597 | W5: =O5/N5 -> 0.74136664 | X5: =P5/O5 -> 0.31219029 | Y5: =T5/(S5+T5) -> 0.03725851 | Z5: =E5/S5 -> 8586.4281 | AB5: 0 | AM5: 0 | AN5: 0
B6: 45459 | C6: 45465 | D6: 24년 6월 4주차 | E6: =SUMIFS('전체 일별'!$BA:$BA,'전체 일별'!$B:$B,">="&$B6,'전체 일별'!$B:$B,"<="&$C6) -> 18187604 | F6: =SUMIFS('전체 일별'!$L:$L,'전체 일별'!$B:$B,">="&$B6,'전체 일별'!$B:$B,"<="&$C6) -> 4585570 | G6: 0 | I6: 145 | N6: =SUMIFS('전체 일별'!$AQ:$AQ,'전체 일별'!$B:$B,">="&$B6,'전체 일별'!$B:$B,"<="&$C6) -> 1494 | O6: =SUMIFS('전체 일별'!$AR:$AR,'전체 일별'!$B:$B,">="&$B6,'전체 일별'!$B:$B,"<="&$C6) -> 1171 | P6: =SUMIFS('전체 일별'!$AJ:$AJ,'전체 일별'!$B:$B,">="&$B6,'전체 일별'!$B:$B,"<="&$C6) -> 335 | R6: =SUMIFS('전체 일별'!$AL:$AL,'전체 일별'!$B:$B,">="&$B6,'전체 일별'!$B:$B,"<="&$C6) -> 2377 | S6: =SUMIFS('전체 일별'!$AO:$AO,'전체 일별'!$B:$B,">="&$B6,'전체 일별'!$B:$B,"<="&$C6) -> 2162 | T6: =SUMIFS('전체 일별'!$AP:$AP,'전체 일별'!$B:$B,">="&$B6,'전체 일별'!$B:$B,"<="&$C6) -> 89 | U6: =F6/P6 -> 13688.269 | W6: =O6/N6 -> 0.78380187 | X6: =P6/O6 -> 0.28608027 | Y6: =T6/(S6+T6) -> 0.039537983 | Z6: =E6/S6 -> 8412.3978 | AB6: 0 | AM6: 0 | AN6: 0
B7: 45466 | C7: 45472 | D7: 24년 6월 5주차 | E7: =SUMIFS('전체 일별'!$BA:$BA,'전체 일별'!$B:$B,">="&$B7,'전체 일별'!$B:$B,"<="&$C7) -> 18466500 | F7: =SUMIFS('전체 일별'!$L:$L,'전체 일별'!$B:$B,">="&$B7,'전체 일별'!$B:$B,"<="&$C7) -> 4805841 | G7: 9193 | I7: 131 | N7: =SUMIFS('전체 일별'!$AQ:$AQ,'전체 일별'!$B:$B,">="&$B7,'전체 일별'!$B:$B,"<="&$C7) -> 1439 | O7: =SUMIFS('전체 일별'!$AR:$AR,'전체 일별'!$B:$B,">="&$B7,'전체 일별'!$B:$B,"<="&$C7) -> 1121 | P7: =SUMIFS('전체 일별'!$AJ:$AJ,'전체 일별'!$B:$B,">="&$B7,'전체 일별'!$B:$B,"<="&$C7) -> 341 | R7: =SUMIFS('전체 일별'!$AL:$AL,'전체 일별'!$B:$B,">="&$B7,'전체 일별'!$B:$B,"<="&$C7) -> 2461 | S7: =SUMIFS('전체 일별'!$AO:$AO,'전체 일별'!$B:$B,">="&$B7,'전체 일별'!$B:$B,"<="&$C7) -> 2153 | T7: =SUMIFS('전체 일별'!$AP:$AP,'전체 일별'!$B:$B,">="&$B7,'전체 일별'!$B:$B,"<="&$C7) -> 93 | U7: =F7/P7 -> 14093.375 | W7: =O7/N7 -> 0.7790132 | X7: =P7/O7 -> 0.30419269 | Y7: =T7/(S7+T7) -> 0.041406946 | Z7: =E7/S7 -> 8577.1017 | AB7: 9193 | AM7: 0 | AN7: 0
B8: =C7+1 -> 45473 | C8: =B8+6 -> 45479 | D8: 24년 7월 1주차 | E8: =SUMIFS('전체 일별'!$BA:$BA,'전체 일별'!$B:$B,">="&$B8,'전체 일별'!$B:$B,"<="&$C8) -> 19684866 | F8: =SUMIFS('전체 일별'!$L:$L,'전체 일별'!$B:$B,">="&$B8,'전체 일별'!$B:$B,"<="&$C8) -> 4385735 | G8: 4650.2 | I8: 116 | N8: =SUMIFS('전체 일별'!$AQ:$AQ,'전체 일별'!$B:$B,">="&$B8,'전체 일별'!$B:$B,"<="&$C8) -> 1390 | O8: =SUMIFS('전체 일별'!$AR:$AR,'전체 일별'!$B:$B,">="&$B8,'전체 일별'!$B:$B,"<="&$C8) -> 961 | P8: =SUMIFS('전체 일별'!$AJ:$AJ,'전체 일별'!$B:$B,">="&$B8,'전체 일별'!$B:$B,"<="&$C8) -> 315 | R8: =SUMIFS('전체 일별'!$AL:$AL,'전체 일별'!$B:$B,">="&$B8,'전체 일별'!$B:$B,"<="&$C8) -> 2613 | S8: =SUMIFS('전체 일별'!$AO:$AO,'전체 일별'!$B:$B,">="&$B8,'전체 일별'!$B:$B,"<="&$C8) -> 2382 | T8: =SUMIFS('전체 일별'!$AP:$AP,'전체 일별'!$B:$B,">="&$B8,'전체 일별'!$B:$B,"<="&$C8) -> 87 | U8: =F8/P8 -> 13922.968 | W8: =O8/N8 -> 0.69136691 | X8: =P8/O8 -> 0.32778356 | Y8: =T8/(S8+T8) -> 0.035236938 | Z8: =E8/S8 -> 8264.0076 | AB8: 4650.2 | AM8: 0 | AN8: 0
B9: =C8+1 -> 45480 | C9: =B9+6 -> 45486 | D9: 24년 7월 1주차 | E9: =SUMIFS('전체 일별'!$BA:$BA,'전체 일별'!$B:$B,">="&$B9,'전체 일별'!$B:$B,"<="&$C9) -> 20840256 | F9: =SUMIFS('전체 일별'!$L:$L,'전체 일별'!$B:$B,">="&$B9,'전체 일별'!$B:$B,"<="&$C9) -> 5535321 | G9: 4101.6 | I9: 117 | N9: =SUMIFS('전체 일별'!$AQ:$AQ,'전체 일별'!$B:$B,">="&$B9,'전체 일별'!$B:$B,"<="&$C9) -> 1581 | O9: =SUMIFS('전체 일별'!$AR:$AR,'전체 일별'!$B:$B,">="&$B9,'전체 일별'!$B:$B,"<="&$C9) -> 1206 | P9: =SUMIFS('전체 일별'!$AJ:$AJ,'전체 일별'!$B:$B,">="&$B9,'전체 일별'!$B:$B,"<="&$C9) -> 356 | R9: =SUMIFS('전체 일별'!$AL:$AL,'전체 일별'!$B:$B,">="&$B9,'전체 일별'!$B:$B,"<="&$C9) -> 2715 | S9: =SUMIFS('전체 일별'!$AO:$AO,'전체 일별'!$B:$B,">="&$B9,'전체 일별'!$B:$B,"<="&$C9) -> 2539 | T9: =SUMIFS('전체 일별'!$AP:$AP,'전체 일별'!$B:$B,">="&$B9,'전체 일별'!$B:$B,"<="&$C9) -> 64 | U9: =F9/P9 -> 15548.654 | W9: =O9/N9 -> 0.76280835 | X9: =P9/O9 -> 0.29519071 | Y9: =T9/(S9+T9) -> 0.024587015 | Z9: =E9/S9 -> 8208.0567 | AB9: 4101.6 | AM9: 0 | AN9: 0
B10: =C9+1 -> 45487 | C10: =B10+6 -> 45493 | D10: 24년 7월 1주차 | E10: =SUMIFS('전체 일별'!$BA:$BA,'전체 일별'!$B:$B,">="&$B10,'전체 일별'!$B:$B,"<="&$C10) -> 21471040 | F10: =SUMIFS('전체 일별'!$L:$L,'전체 일별'!$B:$B,">="&$B10,'전체 일별'!$B:$B,"<="&$C10) -> 5326054 | G10: 4101.6 | I10: 117 | N10: =SUMIFS('전체 일별'!$AQ:$AQ,'전체 일별'!$B:$B,">="&$B10,'전체 일별'!$B:$B,"<="&$C10) -> 1587 | O10: =SUMIFS('전체 일별'!$AR:$AR,'전체 일별'!$B:$B,">="&$B10,'전체 일별'!$B:$B,"<="&$C10) -> 1301 | P10: =SUMIFS('전체 일별'!$AJ:$AJ,'전체 일별'!$B:$B,">="&$B10,'전체 일별'!$B:$B,"<="&$C10) -> 389 | R10: =SUMIFS('전체 일별'!$AL:$AL,'전체 일별'!$B:$B,">="&$B10,'전체 일별'!$B:$B,"<="&$C10) -> 2874 | S10: =SUMIFS('전체 일별'!$AO:$AO,'전체 일별'!$B:$B,">="&$B10,'전체 일별'!$B:$B,"<="&$C10) -> 2684 | T10: =SUMIFS('전체 일별'!$AP:$AP,'전체 일별'!$B:$B,">="&$B10,'전체 일별'!$B:$B,"<="&$C10) -> 78 | U10: =F10/P10 -> 13691.656 | W10: =O10/N10 -> 0.81978576 | X10: =P10/O10 -> 0.29900077 | Y10: =T10/(S10+T10) -> 0.028240406 | Z10: =E10/S10 -> 7999.6423 | AB10: 4101.6 | AM10: 0 | AN10: 0
B11: 45492 | C11: =B11+6 -> 45498 | D11: 24년 7월 3주차 | E11: =SUMIFS('전체 일별'!$BA:$BA,'전체 일별'!$B:$B,">="&$B11,'전체 일별'!$B:$B,"<="&$C11) -> 24579906 | F11: =SUMIFS('전체 일별'!$L:$L,'전체 일별'!$B:$B,">="&$B11,'전체 일별'!$B:$B,"<="&$C11) -> 5273736 | G11: 4606.8434 | I11: 101.90965 | J11: 0 | N11: =SUMIFS('전체 일별'!$AQ:$AQ,'전체 일별'!$B:$B,">="&$B11,'전체 일별'!$B:$B,"<="&$C11) -> 1764 | O11: =SUMIFS('전체 일별'!$AR:$AR,'전체 일별'!$B:$B,">="&$B11,'전체 일별'!$B:$B,"<="&$C11) -> 1333 | P11: =SUMIFS('전체 일별'!$AJ:$AJ,'전체 일별'!$B:$B,">="&$B11,'전체 일별'!$B:$B,"<="&$C11) -> 470 | Q11: =SUMIFS('전체 일별'!$Z:$Z,'전체 일별'!$B:$B,">="&$B11,'전체 일별'!$B:$B,"<="&$C11) -> 424 | R11: =SUMIFS('전체 일별'!$AL:$AL,'전체 일별'!$B:$B,">="&$B11,'전체 일별'!$B:$B,"<="&$C11) -> 3074 | S11: =SUMIFS('전체 일별'!$AO:$AO,'전체 일별'!$B:$B,">="&$B11,'전체 일별'!$B:$B,"<="&$C11) -> 2856 | T11: =SUMIFS('전체 일별'!$AP:$AP,'전체 일별'!$B:$B,">="&$B11,'전체 일별'!$B:$B,"<="&$C11) -> 101 | U11: =F11/Q11 -> 12438.057 | W11: =O11/N11 -> 0.75566893 | X11: =Q11/O11 -> 0.31807952 | Y11: =T11/(S11+T11) -> 0.034156239 | Z11: =E11/S11 -> 8606.4097 | AB11: 4606.8434 | AD11: 0 | AM11: 0 | AN11: 0
B12: 45499 | C12: =B12+6 -> 45505 | D12: 24년 7월 5주차 | E12: =SUMIFS('전체 일별'!$BA:$BA,'전체 일별'!$B:$B,">="&$B12,'전체 일별'!$B:$B,"<="&$C12) -> 28467952 | F12: =SUMIFS('전체 일별'!$L:$L,'전체 일별'!$B:$B,">="&$B12,'전체 일별'!$B:$B,"<="&$C12) -> 6660898 | G12: 5143.6792 | I12: 102.04489 | J12: 0 | N12: =SUMIFS('전체 일별'!$AQ:$AQ,'전체 일별'!$B:$B,">="&$B12,'전체 일별'!$B:$B,"<="&$C12) -> 1913 | O12: =SUMIFS('전체 일별'!$AR:$AR,'전체 일별'!$B:$B,">="&$B12,'전체 일별'!$B:$B,"<="&$C12) -> 1595 | P12: =SUMIFS('전체 일별'!$AJ:$AJ,'전체 일별'!$B:$B,">="&$B12,'전체 일별'!$B:$B,"<="&$C12) -> 572 | Q12: =SUMIFS('전체 일별'!$Z:$Z,'전체 일별'!$B:$B,">="&$B12,'전체 일별'!$B:$B,"<="&$C12) -> 472 | R12: =SUMIFS('전체 일별'!$AL:$AL,'전체 일별'!$B:$B,">="&$B12,'전체 일별'!$B:$B,"<="&$C12) -> 3443 | S12: =SUMIFS('전체 일별'!$AO:$AO,'전체 일별'!$B:$B,">="&$B12,'전체 일별'!$B:$B,"<="&$C12) -> 3219 | T12: =SUMIFS('전체 일별'!$AP:$AP,'전체 일별'!$B:$B,">="&$B12,'전체 일별'!$B:$B,"<="&$C12) -> 98 | U12: =F12/Q12 -> 14112.072 | W12: =O12/N12 -> 0.83376895 | X12: =Q12/O12 -> 0.29592476 | Y12: =T12/(S12+T12) -> 0.029544769 | Z12: =E12/S12 -> 8843.7254 | AB12: 5143.6792 | AD12: 0 | AM12: 0 | AN12: 0
B13: 45506 | C13: =B13+6 -> 45512 | D13: 24년 8월 1주차 | E13: =SUMIFS('전체 일별'!$BA:$BA,'전체 일별'!$B:$B,">="&$B13,'전체 일별'!$B:$B,"<="&$C13) -> 28439832 | F13: =SUMIFS('전체 일별'!$L:$L,'전체 일별'!$B:$B,">="&$B13,'전체 일별'!$B:$B,"<="&$C13) -> 7076897 | G13: 5904.4856 | I13: 96.287251 | J13: 0 | N13: =SUMIFS('전체 일별'!$AQ:$AQ,'전체 일별'!$B:$B,">="&$B13,'전체 일별'!$B:$B,"<="&$C13) -> 2025 | O13: =SUMIFS('전체 일별'!$AR:$AR,'전체 일별'!$B:$B,">="&$B13,'전체 일별'!$B:$B,"<="&$C13) -> 1647 | P13: =SUMIFS('전체 일별'!$AJ:$AJ,'전체 일별'!$B:$B,">="&$B13,'전체 일별'!$B:$B,"<="&$C13) -> 574 | Q13: =SUMIFS('전체 일별'!$Z:$Z,'전체 일별'!$B:$B,">="&$B13,'전체 일별'!$B:$B,"<="&$C13) -> 447 | R13: =SUMIFS('전체 일별'!$AL:$AL,'전체 일별'!$B:$B,">="&$B13,'전체 일별'!$B:$B,"<="&$C13) -> 3508 | S13: =SUMIFS('전체 일별'!$AO:$AO,'전체 일별'!$B:$B,">="&$B13,'전체 일별'!$B:$B,"<="&$C13) -> 3261 | T13: =SUMIFS('전체 일별'!$AP:$AP,'전체 일별'!$B:$B,">="&$B13,'전체 일별'!$B:$B,"<="&$C13) -> 120 | U13: =F13/Q13 -> 15831.984 | W13: =O13/N13 -> 0.81333333 | X13: =Q13/O13 -> 0.27140255 | Y13: =T13/(S13+T13) -> 0.035492458 | Z13: =E13/S13 -> 8721.1996 | AB13: 5904.4856 | AD13: 0 | AM13: 0 | AN13: 0
B14: 45513 | C14: 45519 | D14: 24년 8월 2주차 | E14: =SUMIFS('전체 일별'!$BA:$BA,'전체 일별'!$B:$B,">="&$B14,'전체 일별'!$B:$B,"<="&$C14) -> 29431882 | F14: =SUMIFS('전체 일별'!$L:$L,'전체 일별'!$B:$B,">="&$B14,'전체 일별'!$B:$B,"<="&$C14) -> 5578535 | G14: 6250 | I14: 106.75859 | J14: 0 | N14: =SUMIFS('전체 일별'!$AQ:$AQ,'전체 일별'!$B:$B,">="&$B14,'전체 일별'!$B:$B,"<="&$C14) -> 1823 | O14: =SUMIFS('전체 일별'!$AR:$AR,'전체 일별'!$B:$B,">="&$B14,'전체 일별'!$B:$B,"<="&$C14) -> 1512 | P14: =SUMIFS('전체 일별'!$AJ:$AJ,'전체 일별'!$B:$B,">="&$B14,'전체 일별'!$B:$B,"<="&$C14) -> 554 | Q14: =SUMIFS('전체 일별'!$Z:$Z,'전체 일별'!$B:$B,">="&$B14,'전체 일별'!$B:$B,"<="&$C14) -> 425 | R14: =SUMIFS('전체 일별'!$AL:$AL,'전체 일별'!$B:$B,">="&$B14,'전체 일별'!$B:$B,"<="&$C14) -> 3755 | S14: =SUMIFS('전체 일별'!$AO:$AO,'전체 일별'!$B:$B,">="&$B14,'전체 일별'!$B:$B,"<="&$C14) -> 3432 | T14: =SUMIFS('전체 일별'!$AP:$AP,'전체 일별'!$B:$B,">="&$B14,'전체 일별'!$B:$B,"<="&$C14) -> 118 | U14: =F14/Q14 -> 13125.965 | W14: =O14/N14 -> 0.82940208 | X14: =Q14/O14 -> 0.28108466 | Y14: =T14/(S14+T14) -> 0.033239437 | Z14: =E14/S14 -> 8575.7232 | AB14: 6250 | AD14: 0 | AM14: 0 | AN14: 0
B15: 45520 | C15: 45526 | D15: 24년 8월 3주차 | E15: =SUMIFS('전체 일별'!$BA:$BA,'전체 일별'!$B:$B,">="&$B15,'전체 일별'!$B:$B,"<="&$C15) -> 30943776 | F15: =SUMIFS('전체 일별'!$L:$L,'전체 일별'!$B:$B,">="&$B15,'전체 일별'!$B:$B,"<="&$C15) -> 5104191 | G15: 6548 | I15: 116.40574 | J15: 0 | N15: =SUMIFS('전체 일별'!$AQ:$AQ,'전체 일별'!$B:$B,">="&$B15,'전체 일별'!$B:$B,"<="&$C15) -> 1652 | O15: =SUMIFS('전체 일별'!$AR:$AR,'전체 일별'!$B:$B,">="&$B15,'전체 일별'!$B:$B,"<="&$C15) -> 1318 | P15: =SUMIFS('전체 일별'!$AJ:$AJ,'전체 일별'!$B:$B,">="&$B15,'전체 일별'!$B:$B,"<="&$C15) -> 502 | Q15: =SUMIFS('전체 일별'!$Z:$Z,'전체 일별'!$B:$B,">="&$B15,'전체 일별'!$B:$B,"<="&$C15) -> 407 | R15: =SUMIFS('전체 일별'!$AL:$AL,'전체 일별'!$B:$B,">="&$B15,'전체 일별'!$B:$B,"<="&$C15) -> 3795 | S15: =SUMIFS('전체 일별'!$AO:$AO,'전체 일별'!$B:$B,">="&$B15,'전체 일별'!$B:$B,"<="&$C15) -> 3537 | T15: =SUMIFS('전체 일별'!$AP:$AP,'전체 일별'!$B:$B,">="&$B15,'전체 일별'!$B:$B,"<="&$C15) -> 142 | U15: =F15/Q15 -> 12541.01 | W15: =O15/N15 -> 0.79782082 | X15: =Q15/O15 -> 0.30880121 | Y15: =T15/(S15+T15) -> 0.038597445 | Z15: =E15/S15 -> 8748.5937 | AB15: 6548 | AD15: 0 | AM15: 0 | AN15: 0
B16: 45527 | C16: 45533 | D16: 24년 8월 4주차 | E16: =SUMIFS('전체 일별'!$BA:$BA,'전체 일별'!$B:$B,">="&$B16,'전체 일별'!$B:$B,"<="&$C16) -> 32323400 | F16: =SUMIFS('전체 일별'!$L:$L,'전체 일별'!$B:$B,">="&$B16,'전체 일별'!$B:$B,"<="&$C16) -> 4799760 | G16: 6696 | I16: 115.7769 | J16: 0 | N16: =SUMIFS('전체 일별'!$AQ:$AQ,'전체 일별'!$B:$B,">="&$B16,'전체 일별'!$B:$B,"<="&$C16) -> 1605 | O16: =SUMIFS('전체 일별'!$AR:$AR,'전체 일별'!$B:$B,">="&$B16,'전체 일별'!$B:$B,"<="&$C16) -> 1244 | P16: =SUMIFS('전체 일별'!$AJ:$AJ,'전체 일별'!$B:$B,">="&$B16,'전체 일별'!$B:$B,"<="&$C16) -> 512 | Q16: =SUMIFS('전체 일별'!$Z:$Z,'전체 일별'!$B:$B,">="&$B16,'전체 일별'!$B:$B,"<="&$C16) -> 364 | R16: =SUMIFS('전체 일별'!$AL:$AL,'전체 일별'!$B:$B,">="&$B16,'전체 일별'!$B:$B,"<="&$C16) -> 3877 | S16: =SUMIFS('전체 일별'!$AO:$AO,'전체 일별'!$B:$B,">="&$B16,'전체 일별'!$B:$B,"<="&$C16) -> 3601 | T16: =SUMIFS('전체 일별'!$AP:$AP,'전체 일별'!$B:$B,">="&$B16,'전체 일별'!$B:$B,"<="&$C16) -> 141 | U16: =F16/Q16 -> 13186.154 | W16: =O16/N16 -> 0.77507788 | X16: =Q16/O16 -> 0.2926045 | Y16: =T16/(S16+T16) -> 0.037680385 | Z16: =E16/S16 -> 8976.2288 | AB16: 6696 | AD16: 0 | AM16: 0 | AN16: 0
B17: 45534 | C17: 45540 | D17: 24년 9월 1주차 | E17: =SUMIFS('전체 일별'!$BA:$BA,'전체 일별'!$B:$B,">="&$B17,'전체 일별'!$B:$B,"<="&$C17) -> 33268213 | F17: =SUMIFS('전체 일별'!$L:$L,'전체 일별'!$B:$B,">="&$B17,'전체 일별'!$B:$B,"<="&$C17) -> 4923624 | G17: 6166 | I17: 117.62182 | J17: 0 | N17: =SUMIFS('전체 일별'!$AQ:$AQ,'전체 일별'!$B:$B,">="&$B17,'전체 일별'!$B:$B,"<="&$C17) -> 1584 | O17: =SUMIFS('전체 일별'!$AR:$AR,'전체 일별'!$B:$B,">="&$B17,'전체 일별'!$B:$B,"<="&$C17) -> 1224 | P17: =SUMIFS('전체 일별'!$AJ:$AJ,'전체 일별'!$B:$B,">="&$B17,'전체 일별'!$B:$B,"<="&$C17) -> 457 | Q17: =SUMIFS('전체 일별'!$Z:$Z,'전체 일별'!$B:$B,">="&$B17,'전체 일별'!$B:$B,"<="&$C17) -> 353 | R17: =SUMIFS('전체 일별'!$AL:$AL,'전체 일별'!$B:$B,">="&$B17,'전체 일별'!$B:$B,"<="&$C17) -> 3986 | S17: =SUMIFS('전체 일별'!$AO:$AO,'전체 일별'!$B:$B,">="&$B17,'전체 일별'!$B:$B,"<="&$C17) -> 3696 | T17: =SUMIFS('전체 일별'!$AP:$AP,'전체 일별'!$B:$B,">="&$B17,'전체 일별'!$B:$B,"<="&$C17) -> 129 | U17: =F17/Q17 -> 13947.943 | W17: =O17/N17 -> 0.77272727 | X17: =Q17/O17 -> 0.28839869 | Y17: =T17/(S17+T17) -> 0.03372549 | Z17: =E17/S17 -> 9001.1399 | AB17: 6166 | AD17: 0 | AM17: 0 | AN17: 0
B18: =C17+1 -> 45541 | C18: =B18+6 -> 45547 | D18: 24년 9월 2주차 | E18: =SUMIFS('전체 일별'!$BA:$BA,'전체 일별'!$B:$B,">="&$B18,'전체 일별'!$B:$B,"<="&$C18) -> 34304174 | F18: =SUMIFS('전체 일별'!$L:$L,'전체 일별'!$B:$B,">="&$B18,'전체 일별'!$B:$B,"<="&$C18) -> 5405987 | G18: 7014 | I18: 127.82342 | J18: 0 | N18: =SUMIFS('전체 일별'!$AQ:$AQ,'전체 일별'!$B:$B,">="&$B18,'전체 일별'!$B:$B,"<="&$C18) -> 1595 | O18: =SUMIFS('전체 일별'!$AR:$AR,'전체 일별'!$B:$B,">="&$B18,'전체 일별'!$B:$B,"<="&$C18) -> 1193 | P18: =SUMIFS('전체 일별'!$AJ:$AJ,'전체 일별'!$B:$B,">="&$B18,'전체 일별'!$B:$B,"<="&$C18) -> 474 | Q18: =SUMIFS('전체 일별'!$Z:$Z,'전체 일별'!$B:$B,">="&$B18,'전체 일별'!$B:$B,"<="&$C18) -> 349 | R18: =SUMIFS('전체 일별'!$AL:$AL,'전체 일별'!$B:$B,">="&$B18,'전체 일별'!$B:$B,"<="&$C18) -> 4186 | S18: =SUMIFS('전체 일별'!$AO:$AO,'전체 일별'!$B:$B,">="&$B18,'전체 일별'!$B:$B,"<="&$C18) -> 3897 | T18: =SUMIFS('전체 일별'!$AP:$AP,'전체 일별'!$B:$B,">="&$B18,'전체 일별'!$B:$B,"<="&$C18) -> 147 | U18: =F18/Q18 -> 15489.934 | W18: =O18/N18 -> 0.74796238 | X18: =Q18/O18 -> 0.29253982 | Y18: =T18/(S18+T18) -> 0.036350148 | Z18: =E18/S18 -> 8802.7134 | AB18: 7014 | AD18: 0 | AM18: 0 | AN18: 0
B19: =C18+1 -> 45548 | C19: =B19+6 -> 45554 | D19: 24년 9월 3주차 | E19: =SUMIFS('전체 일별'!$BA:$BA,'전체 일별'!$B:$B,">="&$B19,'전체 일별'!$B:$B,"<="&$C19) -> 27234654 | F19: =SUMIFS('전체 일별'!$L:$L,'전체 일별'!$B:$B,">="&$B19,'전체 일별'!$B:$B,"<="&$C19) -> 4085845 | G19: 7168 | I19: 126.90367 | J19: 0 | N19: =SUMIFS('전체 일별'!$AQ:$AQ,'전체 일별'!$B:$B,">="&$B19,'전체 일별'!$B:$B,"<="&$C19) -> 1313 | O19: =SUMIFS('전체 일별'!$AR:$AR,'전체 일별'!$B:$B,">="&$B19,'전체 일별'!$B:$B,"<="&$C19) -> 1022 | P19: =SUMIFS('전체 일별'!$AJ:$AJ,'전체 일별'!$B:$B,">="&$B19,'전체 일별'!$B:$B,"<="&$C19) -> 359 | Q19: =SUMIFS('전체 일별'!$Z:$Z,'전체 일별'!$B:$B,">="&$B19,'전체 일별'!$B:$B,"<="&$C19) -> 314 | R19: =SUMIFS('전체 일별'!$AL:$AL,'전체 일별'!$B:$B,">="&$B19,'전체 일별'!$B:$B,"<="&$C19) -> 3352 | S19: =SUMIFS('전체 일별'!$AO:$AO,'전체 일별'!$B:$B,">="&$B19,'전체 일별'!$B:$B,"<="&$C19) -> 3082 | T19: =SUMIFS('전체 일별'!$AP:$AP,'전체 일별'!$B:$B,">="&$B19,'전체 일별'!$B:$B,"<="&$C19) -> 118 | U19: =F19/Q19 -> 13012.245 | W19: =O19/N19 -> 0.77837014 | X19: =Q19/O19 -> 0.3072407 | Y19: =T19/(S19+T19) -> 0.036875 | Z19: =E19/S19 -> 8836.682 | AB19: 7168 | AD19: 0 | AM19: 0 | AN19: 0
B20: =C19+1 -> 45555 | C20: =B20+6 -> 45561 | D20: 24년 9월 4주차 | E20: =SUMIFS('전체 일별'!$BA:$BA,'전체 일별'!$B:$B,">="&$B20,'전체 일별'!$B:$B,"<="&$C20) -> 35201393 | F20: =SUMIFS('전체 일별'!$L:$L,'전체 일별'!$B:$B,">="&$B20,'전체 일별'!$B:$B,"<="&$C20) -> 5070561 | G20: 6611 | I20: 139.61504 | J20: 0 | N20: =SUMIFS('전체 일별'!$AQ:$AQ,'전체 일별'!$B:$B,">="&$B20,'전체 일별'!$B:$B,"<="&$C20) -> 1582 | O20: =SUMIFS('전체 일별'!$AR:$AR,'전체 일별'!$B:$B,">="&$B20,'전체 일별'!$B:$B,"<="&$C20) -> 1195 | P20: =SUMIFS('전체 일별'!$AJ:$AJ,'전체 일별'!$B:$B,">="&$B20,'전체 일별'!$B:$B,"<="&$C20) -> 446 | Q20: =SUMIFS('전체 일별'!$Z:$Z,'전체 일별'!$B:$B,">="&$B20,'전체 일별'!$B:$B,"<="&$C20) -> 354 | R20: =SUMIFS('전체 일별'!$AL:$AL,'전체 일별'!$B:$B,">="&$B20,'전체 일별'!$B:$B,"<="&$C20) -> 4218 | S20: =SUMIFS('전체 일별'!$AO:$AO,'전체 일별'!$B:$B,">="&$B20,'전체 일별'!$B:$B,"<="&$C20) -> 3966 | T20: =SUMIFS('전체 일별'!$AP:$AP,'전체 일별'!$B:$B,">="&$B20,'전체 일별'!$B:$B,"<="&$C20) -> 125 | U20: =F20/Q20 -> 14323.619 | W20: =O20/N20 -> 0.75537295 | X20: =Q20/O20 -> 0.29623431 | Y20: =T20/(S20+T20) -> 0.030554877 | Z20: =E20/S20 -> 8875.7925 | AB20: 6611 | AD20: 0 | AM20: 0 | AN20: 0
B21: =C20+1 -> 45562 | C21: =B21+6 -> 45568 | D21: 24년 9월 5주차 | E21: =SUMIFS('전체 일별'!$BA:$BA,'전체 일별'!$B:$B,">="&$B21,'전체 일별'!$B:$B,"<="&$C21) -> 37419638 | F21: =SUMIFS('전체 일별'!$L:$L,'전체 일별'!$B:$B,">="&$B21,'전체 일별'!$B:$B,"<="&$C21) -> 6504678 | G21: 6816 | I21: 124.69296 | J21: 3958 | N21: =SUMIFS('전체 일별'!$AQ:$AQ,'전체 일별'!$B:$B,">="&$B21,'전체 일별'!$B:$B,"<="&$C21) -> 1839 | O21: =SUMIFS('전체 일별'!$AR:$AR,'전체 일별'!$B:$B,">="&$B21,'전체 일별'!$B:$B,"<="&$C21) -> 1474 | P21: =SUMIFS('전체 일별'!$AJ:$AJ,'전체 일별'!$B:$B,">="&$B21,'전체 일별'!$B:$B,"<="&$C21) -> 460 | Q21: =SUMIFS('전체 일별'!$Z:$Z,'전체 일별'!$B:$B,">="&$B21,'전체 일별'!$B:$B,"<="&$C21) -> 406 | R21: =SUMIFS('전체 일별'!$AL:$AL,'전체 일별'!$B:$B,">="&$B21,'전체 일별'!$B:$B,"<="&$C21) -> 4356 | S21: =SUMIFS('전체 일별'!$AO:$AO,'전체 일별'!$B:$B,">="&$B21,'전체 일별'!$B:$B,"<="&$C21) -> 4120 | T21: =SUMIFS('전체 일별'!$AP:$AP,'전체 일별'!$B:$B,">="&$B21,'전체 일별'!$B:$B,"<="&$C21) -> 109 | U21: =F21/Q21 -> 16021.374 | W21: =O21/N21 -> 0.80152257 | X21: =Q21/O21 -> 0.27544098 | Y21: =T21/(S21+T21) -> 0.025774415 | Z21: =E21/S21 -> 9082.4364 | AB21: 6816 | AD21: 3958 | AM21: 0 | AN21: 0
B22: =C21+1 -> 45569 | C22: =B22+6 -> 45575 | D22: 24년 10월 1주차 | E22: =SUMIFS('전체 일별'!$BA:$BA,'전체 일별'!$B:$B,">="&$B22,'전체 일별'!$B:$B,"<="&$C22) -> 37288525 | F22: =SUMIFS('전체 일별'!$L:$L,'전체 일별'!$B:$B,">="&$B22,'전체 일별'!$B:$B,"<="&$C22) -> 6081832 | G22: 6831 | I22: 119.20682 | J22: 4807.2101 | N22: =SUMIFS('전체 일별'!$AQ:$AQ,'전체 일별'!$B:$B,">="&$B22,'전체 일별'!$B:$B,"<="&$C22) -> 1738 | O22: =SUMIFS('전체 일별'!$AR:$AR,'전체 일별'!$B:$B,">="&$B22,'전체 일별'!$B:$B,"<="&$C22) -> 1358 | P22: =SUMIFS('전체 일별'!$AJ:$AJ,'전체 일별'!$B:$B,">="&$B22,'전체 일별'!$B:$B,"<="&$C22) -> 451 | Q22: =SUMIFS('전체 일별'!$Z:$Z,'전체 일별'!$B:$B,">="&$B22,'전체 일별'!$B:$B,"<="&$C22) -> 353 | R22: =SUMIFS('전체 일별'!$AL:$AL,'전체 일별'!$B:$B,">="&$B22,'전체 일별'!$B:$B,"<="&$C22) -> 4316 | S22: =SUMIFS('전체 일별'!$AO:$AO,'전체 일별'!$B:$B,">="&$B22,'전체 일별'!$B:$B,"<="&$C22) -> 4105 | T22: =SUMIFS('전체 일별'!$AP:$AP,'전체 일별'!$B:$B,">="&$B22,'전체 일별'!$B:$B,"<="&$C22) -> 125 | U22: =F22/Q22 -> 17228.986 | W22: =O22/N22 -> 0.78135788 | X22: =Q22/O22 -> 0.25994109 | Y22: =T22/(S22+T22) -> 0.029550827 | Z22: =E22/S22 -> 9083.6845 | AB22: 6831 | AD22: 4807.2101 | AM22: 0 | AN22: 0
B23: =C22+1 -> 45576 | C23: =B23+6 -> 45582 | D23: 24년 10월 2주차 | E23: =SUMIFS('전체 일별'!$BA:$BA,'전체 일별'!$B:$B,">="&$B23,'전체 일별'!$B:$B,"<="&$C23) -> 36477140 | F23: =SUMIFS('전체 일별'!$L:$L,'전체 일별'!$B:$B,">="&$B23,'전체 일별'!$B:$B,"<="&$C23) -> 7704122 | G23: 6831 | I23: 150.7007 | J23: 5251.4932 | M23: 0.0143 | N23: =SUMIFS('전체 일별'!$AQ:$AQ,'전체 일별'!$B:$B,">="&$B23,'전체 일별'!$B:$B,"<="&$C23) -> 1942 | O23: =SUMIFS('전체 일별'!$AR:$AR,'전체 일별'!$B:$B,">="&$B23,'전체 일별'!$B:$B,"<="&$C23) -> 1514 | P23: =SUMIFS('전체 일별'!$AJ:$AJ,'전체 일별'!$B:$B,">="&$B23,'전체 일별'!$B:$B,"<="&$C23) -> 449 | Q23: =SUMIFS('전체 일별'!$Z:$Z,'전체 일별'!$B:$B,">="&$B23,'전체 일별'!$B:$B,"<="&$C23) -> 357 | R23: =SUMIFS('전체 일별'!$AL:$AL,'전체 일별'!$B:$B,">="&$B23,'전체 일별'!$B:$B,"<="&$C23) -> 4267 | S23: =SUMIFS('전체 일별'!$AO:$AO,'전체 일별'!$B:$B,">="&$B23,'전체 일별'!$B:$B,"<="&$C23) -> 4044 | T23: =SUMIFS('전체 일별'!$AP:$AP,'전체 일별'!$B:$B,">="&$B23,'전체 일별'!$B:$B,"<="&$C23) -> 113 | U23: =F23/Q23 -> 21580.174 | W23: =O23/N23 -> 0.77960865 | X23: =Q23/O23 -> 0.23579921 | Y23: =T23/(S23+T23) -> 0.027183065 | Z23: =E23/S23 -> 9020.0643 | AB23: 6831 | AD23: 5251.4932 | AH23: 0.0143 | AM23: 0 | AN23: 0
B24: =C23+1 -> 45583 | C24: =B24+6 -> 45589 | D24: 24년 10월 3주차 | E24: =SUMIFS('전체 일별'!$BA:$BA,'전체 일별'!$B:$B,">="&$B24,'전체 일별'!$B:$B,"<="&$C24) -> 38098172 | F24: =SUMIFS('전체 일별'!$L:$L,'전체 일별'!$B:$B,">="&$B24,'전체 일별'!$B:$B,"<="&$C24) -> 8276073 | G24: 8086 | I24: 171.30788 | J24: 7463.0221 | M24: 0.0178 | N24: =SUMIFS('전체 일별'!$AQ:$AQ,'전체 일별'!$B:$B,">="&$B24,'전체 일별'!$B:$B,"<="&$C24) -> 1940 | O24: =SUMIFS('전체 일별'!$AR:$AR,'전체 일별'!$B:$B,">="&$B24,'전체 일별'!$B:$B,"<="&$C24) -> 1412 | P24: =SUMIFS('전체 일별'!$AJ:$AJ,'전체 일별'!$B:$B,">="&$B24,'전체 일별'!$B:$B,"<="&$C24) -> 416 | Q24: =SUMIFS('전체 일별'!$Z:$Z,'전체 일별'!$B:$B,">="&$B24,'전체 일별'!$B:$B,"<="&$C24) -> 351 | R24: =SUMIFS('전체 일별'!$AL:$AL,'전체 일별'!$B:$B,">="&$B24,'전체 일별'!$B:$B,"<="&$C24) -> 4260 | S24: =SUMIFS('전체 일별'!$AO:$AO,'전체 일별'!$B:$B,">="&$B24,'전체 일별'!$B:$B,"<="&$C24) -> 4067 | T24: =SUMIFS('전체 일별'!$AP:$AP,'전체 일별'!$B:$B,">="&$B24,'전체 일별'!$B:$B,"<="&$C24) -> 105 | U24: =F24/Q24 -> 23578.556 | W24: =O24/N24 -> 0.72783505 | X24: =Q24/O24 -> 0.24858357 | Y24: =T24/(S24+T24) -> 0.025167785 | Z24: =E24/S24 -> 9367.6351 | AB24: 8086 | AD24: 7463.0221 | AH24: 0.0178 | AM24: 0 | AN24: 0
B25: =C24+1 -> 45590 | C25: =B25+6 -> 45596 | D25: 24년 10월 4주차 | E25: =SUMIFS('전체 일별'!$BA:$BA,'전체 일별'!$B:$B,">="&$B25,'전체 일별'!$B:$B,"<="&$C25) -> 40301564 | F25: =SUMIFS('전체 일별'!$L:$L,'전체 일별'!$B:$B,">="&$B25,'전체 일별'!$B:$B,"<="&$C25) -> 6016064 | G25: 7908 | I25: 206.85145 | J25: 7183 | M25: 0.0187 | N25: =SUMIFS('전체 일별'!$AQ:$AQ,'전체 일별'!$B:$B,">="&$B25,'전체 일별'!$B:$B,"<="&$C25) -> 1585 | O25: =SUMIFS('전체 일별'!$AR:$AR,'전체 일별'!$B:$B,">="&$B25,'전체 일별'!$B:$B,"<="&$C25) -> 1144 | P25: =SUMIFS('전체 일별'!$AJ:$AJ,'전체 일별'!$B:$B,">="&$B25,'전체 일별'!$B:$B,"<="&$C25) -> 433 | Q25: =SUMIFS('전체 일별'!$Z:$Z,'전체 일별'!$B:$B,">="&$B25,'전체 일별'!$B:$B,"<="&$C25) -> 334 | R25: =SUMIFS('전체 일별'!$AL:$AL,'전체 일별'!$B:$B,">="&$B25,'전체 일별'!$B:$B,"<="&$C25) -> 4377 | S25: =SUMIFS('전체 일별'!$AO:$AO,'전체 일별'!$B:$B,">="&$B25,'전체 일별'!$B:$B,"<="&$C25) -> 4177 | T25: =SUMIFS('전체 일별'!$AP:$AP,'전체 일별'!$B:$B,">="&$B25,'전체 일별'!$B:$B,"<="&$C25) -> 121 | U25: =F25/Q25 -> 18012.168 | W25: =O25/N25 -> 0.72176656 | X25: =Q25/O25 -> 0.29195804 | Y25: =T25/(S25+T25) -> 0.028152629 | Z25: =E25/S25 -> 9648.4472 | AB25: 7908 | AD25: 7183 | AH25: 0.0187 | AM25: 0 | AN25: 0
B26: =C25+1 -> 45597 | C26: =B26+6 -> 45603 | D26: 24년 11월 1주차 | E26: =SUMIFS('전체 일별'!$BA:$BA,'전체 일별'!$B:$B,">="&$B26,'전체 일별'!$B:$B,"<="&$C26) -> 38560982 | F26: =SUMIFS('전체 일별'!$L:$L,'전체 일별'!$B:$B,">="&$B26,'전체 일별'!$B:$B,"<="&$C26) -> 6579441 | G26: 4939 | I26: 199.01808 | J26: 6858 | M26: 0.0258 | N26: =SUMIFS('전체 일별'!$AQ:$AQ,'전체 일별'!$B:$B,">="&$B26,'전체 일별'!$B:$B,"<="&$C26) -> 1769 | O26: =SUMIFS('전체 일별'!$AR:$AR,'전체 일별'!$B:$B,">="&$B26,'전체 일별'!$B:$B,"<="&$C26) -> 1266 | P26: =SUMIFS('전체 일별'!$AJ:$AJ,'전체 일별'!$B:$B,">="&$B26,'전체 일별'!$B:$B,"<="&$C26) -> 393 | Q26: =SUMIFS('전체 일별'!$Z:$Z,'전체 일별'!$B:$B,">="&$B26,'전체 일별'!$B:$B,"<="&$C26) -> 348 | R26: =SUMIFS('전체 일별'!$AL:$AL,'전체 일별'!$B:$B,">="&$B26,'전체 일별'!$B:$B,"<="&$C26) -> 4421 | S26: =SUMIFS('전체 일별'!$AO:$AO,'전체 일별'!$B:$B,">="&$B26,'전체 일별'!$B:$B,"<="&$C26) -> 4188 | T26: =SUMIFS('전체 일별'!$AP:$AP,'전체 일별'!$B:$B,">="&$B26,'전체 일별'!$B:$B,"<="&$C26) -> 109 | U26: =F26/Q26 -> 18906.44 | W26: =O26/N26 -> 0.71565856 | X26: =Q26/O26 -> 0.27488152 | Y26: =T26/(S26+T26) -> 0.025366535 | Z26: =E26/S26 -> 9207.4933 | AB26: 4939 | AD26: 6858 | AH26: 0.0258 | AM26: 0 | AN26: 0
B27: =C26+1 -> 45604 | C27: =B27+6 -> 45610 | D27: 24년 11월 2주차 | E27: =SUMIFS('전체 일별'!$BA:$BA,'전체 일별'!$B:$B,">="&$B27,'전체 일별'!$B:$B,"<="&$C27) -> 40151921 | F27: =SUMIFS('전체 일별'!$L:$L,'전체 일별'!$B:$B,">="&$B27,'전체 일별'!$B:$B,"<="&$C27) -> 8614364 | G27: 5301 | I27: 208.3483 | J27: 6025.515 | M27: 2187.4021 | N27: =SUMIFS('전체 일별'!$AQ:$AQ,'전체 일별'!$B:$B,">="&$B27,'전체 일별'!$B:$B,"<="&$C27) -> 2232 | O27: =SUMIFS('전체 일별'!$AR:$AR,'전체 일별'!$B:$B,">="&$B27,'전체 일별'!$B:$B,"<="&$C27) -> 1494 | P27: =SUMIFS('전체 일별'!$AJ:$AJ,'전체 일별'!$B:$B,">="&$B27,'전체 일별'!$B:$B,"<="&$C27) -> 459 | Q27: =SUMIFS('전체 일별'!$Z:$Z,'전체 일별'!$B:$B,">="&$B27,'전체 일별'!$B:$B,"<="&$C27) -> 390 | R27: =SUMIFS('전체 일별'!$AL:$AL,'전체 일별'!$B:$B,">="&$B27,'전체 일별'!$B:$B,"<="&$C27) -> 4444 | S27: =SUMIFS('전체 일별'!$AO:$AO,'전체 일별'!$B:$B,">="&$B27,'전체 일별'!$B:$B,"<="&$C27) -> 4198 | T27: =SUMIFS('전체 일별'!$AP:$AP,'전체 일별'!$B:$B,">="&$B27,'전체 일별'!$B:$B,"<="&$C27) -> 92 | U27: =F27/Q27 -> 22088.113 | W27: =O27/N27 -> 0.66935484 | X27: =Q27/O27 -> 0.26104418 | Y27: =T27/(S27+T27) -> 0.021445221 | Z27: =E27/S27 -> 9564.5357 | AB27: 5301 | AD27: 6025.515 | AH27: 2187.4021 | AM27: 0 | AN27: 0
B28: =C27+1 -> 45611 | C28: =B28+6 -> 45617 | D28: 24년 11월 3주차 | E28: =SUMIFS('전체 일별'!$BA:$BA,'전체 일별'!$B:$B,">="&$B28,'전체 일별'!$B:$B,"<="&$C28) -> 40971568 | F28: =SUMIFS('전체 일별'!$L:$L,'전체 일별'!$B:$B,">="&$B28,'전체 일별'!$B:$B,"<="&$C28) -> 9216462 | G28: 5617 | H28: 1553.4615 | I28: 277.81225 | J28: 7170.7432 | M28: 1433.381 | N28: =SUMIFS('전체 일별'!$AQ:$AQ,'전체 일별'!$B:$B,">="&$B28,'전체 일별'!$B:$B,"<="&$C28) -> 2184 | O28: =SUMIFS('전체 일별'!$AR:$AR,'전체 일별'!$B:$B,">="&$B28,'전체 일별'!$B:$B,"<="&$C28) -> 1417 | P28: =SUMIFS('전체 일별'!$AJ:$AJ,'전체 일별'!$B:$B,">="&$B28,'전체 일별'!$B:$B,"<="&$C28) -> 463 | Q28: =SUMIFS('전체 일별'!$Z:$Z,'전체 일별'!$B:$B,">="&$B28,'전체 일별'!$B:$B,"<="&$C28) -> 371 | R28: =SUMIFS('전체 일별'!$AL:$AL,'전체 일별'!$B:$B,">="&$B28,'전체 일별'!$B:$B,"<="&$C28) -> 4444 | S28: =SUMIFS('전체 일별'!$AO:$AO,'전체 일별'!$B:$B,">="&$B28,'전체 일별'!$B:$B,"<="&$C28) -> 4235 | T28: =SUMIFS('전체 일별'!$AP:$AP,'전체 일별'!$B:$B,">="&$B28,'전체 일별'!$B:$B,"<="&$C28) -> 110 | U28: =F28/Q28 -> 24842.216 | W28: =O28/N28 -> 0.64880952 | X28: =Q28/O28 -> 0.26182075 | Y28: =T28/(S28+T28) -> 0.025316456 | Z28: =E28/S28 -> 9674.5143 | AB28: 5617 | AC28: 1553.4615 | AD28: 7170.7432 | AH28: 1433.381 | AM28: 0 | AN28: 0
B29: =C28+1 -> 45618 | C29: =B29+6 -> 45624 | D29: 24년 11월 4주차 | E29: =SUMIFS('전체 일별'!$BA:$BA,'전체 일별'!$B:$B,">="&$B29,'전체 일별'!$B:$B,"<="&$C29) -> 42443187 | F29: =SUMIFS('전체 일별'!$L:$L,'전체 일별'!$B:$B,">="&$B29,'전체 일별'!$B:$B,"<="&$C29) -> 8150738 | G29: 5407 | H29: 2885.65 | I29: 304.64548 | J29: 7792.8846 | M29: 1576.3158 | N29: =SUMIFS('전체 일별'!$AQ:$AQ,'전체 일별'!$B:$B,">="&$B29,'전체 일별'!$B:$B,"<="&$C29) -> 1841 | O29: =SUMIFS('전체 일별'!$AR:$AR,'전체 일별'!$B:$B,">="&$B29,'전체 일별'!$B:$B,"<="&$C29) -> 1210 | P29: =SUMIFS('전체 일별'!$AJ:$AJ,'전체 일별'!$B:$B,">="&$B29,'전체 일별'!$B:$B,"<="&$C29) -> 438 | Q29: =SUMIFS('전체 일별'!$Z:$Z,'전체 일별'!$B:$B,">="&$B29,'전체 일별'!$B:$B,"<="&$C29) -> 358 | R29: =SUMIFS('전체 일별'!$AL:$AL,'전체 일별'!$B:$B,">="&$B29,'전체 일별'!$B:$B,"<="&$C29) -> 4441 | S29: =SUMIFS('전체 일별'!$AO:$AO,'전체 일별'!$B:$B,">="&$B29,'전체 일별'!$B:$B,"<="&$C29) -> 4212 | T29: =SUMIFS('전체 일별'!$AP:$AP,'전체 일별'!$B:$B,">="&$B29,'전체 일별'!$B:$B,"<="&$C29) -> 95 | U29: =F29/Q29 -> 22767.425 | W29: =O29/N29 -> 0.65725149 | X29: =Q29/O29 -> 0.29586777 | Y29: =T29/(S29+T29) -> 0.022057116 | Z29: =E29/S29 -> 10076.73 | AB29: 5407 | AC29: 2885.65 | AD29: 7792.8846 | AH29: 1576.3158 | AM29: 0 | AN29: 0
B30: =C29+1 -> 45625 | C30: =B30+6 -> 45631 | D30: 24년 12월 1주차 | E30: =SUMIFS('전체 일별'!$BA:$BA,'전체 일별'!$B:$B,">="&$B30,'전체 일별'!$B:$B,"<="&$C30) -> 42619819 | F30: =SUMIFS('전체 일별'!$L:$L,'전체 일별'!$B:$B,">="&$B30,'전체 일별'!$B:$B,"<="&$C30) -> 11389874 | G30: 9534.1802 | H30: 3399.382 | I30: 238.73342 | J30: 3533.5845 | M30: 2807 | N30: =SUMIFS('전체 일별'!$AQ:$AQ,'전체 일별'!$B:$B,">="&$B30,'전체 일별'!$B:$B,"<="&$C30) -> 2712 | O30: =SUMIFS('전체 일별'!$AR:$AR,'전체 일별'!$B:$B,">="&$B30,'전체 일별'!$B:$B,"<="&$C30) -> 1774 | P30: =SUMIFS('전체 일별'!$AJ:$AJ,'전체 일별'!$B:$B,">="&$B30,'전체 일별'!$B:$B,"<="&$C30) -> 484 | Q30: =SUMIFS('전체 일별'!$Z:$Z,'전체 일별'!$B:$B,">="&$B30,'전체 일별'!$B:$B,"<="&$C30) -> 503 | R30: =SUMIFS('전체 일별'!$AL:$AL,'전체 일별'!$B:$B,">="&$B30,'전체 일별'!$B:$B,"<="&$C30) -> 4536 | S30: =SUMIFS('전체 일별'!$AO:$AO,'전체 일별'!$B:$B,">="&$B30,'전체 일별'!$B:$B,"<="&$C30) -> 4271 | T30: =SUMIFS('전체 일별'!$AP:$AP,'전체 일별'!$B:$B,">="&$B30,'전체 일별'!$B:$B,"<="&$C30) -> 103 | U30: =F30/Q30 -> 22643.885 | W30: =O30/N30 -> 0.65412979 | X30: =Q30/O30 -> 0.28354002 | Y30: =T30/(S30+T30) -> 0.02354824 | Z30: =E30/S30 -> 9978.8853 | AB30: 9534.1802 | AC30: 3399.382 | AD30: 3533.5845 | AH30: 2807 | AM30: 0 | AN30: 0
B31: =C30+1 -> 45632 | C31: =B31+6 -> 45638 | D31: 24년 12월 2주차 | E31: =SUMIFS('전체 일별'!$BA:$BA,'전체 일별'!$B:$B,">="&$B31,'전체 일별'!$B:$B,"<="&$C31) -> 40252203 | F31: =SUMIFS('전체 일별'!$L:$L,'전체 일별'!$B:$B,">="&$B31,'전체 일별'!$B:$B,"<="&$C31) -> 10398261 | G31: 17591 | H31: 4249 | I31: 0 | J31: 3800 | M31: 4417 | N31: =SUMIFS('전체 일별'!$AQ:$AQ,'전체 일별'!$B:$B,">="&$B31,'전체 일별'!$B:$B,"<="&$C31) -> 2067 | O31: =SUMIFS('전체 일별'!$AR:$AR,'전체 일별'!$B:$B,">="&$B31,'전체 일별'!$B:$B,"<="&$C31) -> 1242 | P31: =SUMIFS('전체 일별'!$AJ:$AJ,'전체 일별'!$B:$B,">="&$B31,'전체 일별'!$B:$B,"<="&$C31) -> 511 | Q31: =SUMIFS('전체 일별'!$Z:$Z,'전체 일별'!$B:$B,">="&$B31,'전체 일별'!$B:$B,"<="&$C31) -> 366 | R31: =SUMIFS('전체 일별'!$AL:$AL,'전체 일별'!$B:$B,">="&$B31,'전체 일별'!$B:$B,"<="&$C31) -> 4567 | S31: =SUMIFS('전체 일별'!$AO:$AO,'전체 일별'!$B:$B,">="&$B31,'전체 일별'!$B:$B,"<="&$C31) -> 4336 | T31: =SUMIFS('전체 일별'!$AP:$AP,'전체 일별'!$B:$B,">="&$B31,'전체 일별'!$B:$B,"<="&$C31) -> 125 | U31: =F31/Q31 -> 28410.549 | W31: =O31/N31 -> 0.60087083 | X31: =Q31/O31 -> 0.29468599 | Y31: =T31/(S31+T31) -> 0.028020623 | Z31: =E31/S31 -> 9283.2571 | AB31: 17591 | AC31: 4249 | AD31: 3800 | AH31: 4417 | AM31: 0 | AN31: 0
B32: =C31+1 -> 45639 | C32: =B32+6 -> 45645 | D32: 24년 12월 3주차 | E32: =SUMIFS('전체 일별'!$BA:$BA,'전체 일별'!$B:$B,">="&$B32,'전체 일별'!$B:$B,"<="&$C32) -> 40979283 | F32: =SUMIFS('전체 일별'!$L:$L,'전체 일별'!$B:$B,">="&$B32,'전체 일별'!$B:$B,"<="&$C32) -> 9827717 | G32: =4899846/428 -> 11448.238 | H32: =202352/54 -> 3747.2593 | I32: 0 | J32: =3945637/934 -> 4224.4507 | M32: =779882/96 -> 8123.7708 | N32: =SUMIFS('전체 일별'!$AQ:$AQ,'전체 일별'!$B:$B,">="&$B32,'전체 일별'!$B:$B,"<="&$C32) -> 2380 | O32: =SUMIFS('전체 일별'!$AR:$AR,'전체 일별'!$B:$B,">="&$B32,'전체 일별'!$B:$B,"<="&$C32) -> 1503 | P32: =SUMIFS('전체 일별'!$AJ:$AJ,'전체 일별'!$B:$B,">="&$B32,'전체 일별'!$B:$B,"<="&$C32) -> 531 | Q32: =SUMIFS('전체 일별'!$Z:$Z,'전체 일별'!$B:$B,">="&$B32,'전체 일별'!$B:$B,"<="&$C32) -> 376 | R32: =SUMIFS('전체 일별'!$AL:$AL,'전체 일별'!$B:$B,">="&$B32,'전체 일별'!$B:$B,"<="&$C32) -> 4780 | S32: =SUMIFS('전체 일별'!$AO:$AO,'전체 일별'!$B:$B,">="&$B32,'전체 일별'!$B:$B,"<="&$C32) -> 4510 | T32: =SUMIFS('전체 일별'!$AP:$AP,'전체 일별'!$B:$B,">="&$B32,'전체 일별'!$B:$B,"<="&$C32) -> 114 | U32: =F32/Q32 -> 26137.545 | W32: =O32/N32 -> 0.63151261 | X32: =Q32/O32 -> 0.25016633 | Y32: =T32/(S32+T32) -> 0.024653979 | Z32: =E32/S32 -> 9086.3155 | AB32: =4899846/428 -> 11448.238 | AC32: =202352/54 -> 3747.2593 | AD32: =3945637/934 -> 4224.4507 | AH32: =779882/96 -> 8123.7708 | AM32: 0 | AN32: 0
B33: =C32+1 -> 45646 | C33: =B33+6 -> 45652 | D33: 24년 12월 4주차 | E33: =SUMIFS('전체 일별'!$BA:$BA,'전체 일별'!$B:$B,">="&$B33,'전체 일별'!$B:$B,"<="&$C33) -> 44870052 | F33: =SUMIFS('전체 일별'!$L:$L,'전체 일별'!$B:$B,">="&$B33,'전체 일별'!$B:$B,"<="&$C33) -> 11244523 | G33: =5475340/567 -> 9656.6843 | H33: =308065/89 -> 3461.4045 | I33: 0 | J33: =4511295/1120 -> 4027.942 | M33: =945124/411 -> 2299.5718 | N33: =SUMIFS('전체 일별'!$AQ:$AQ,'전체 일별'!$B:$B,">="&$B33,'전체 일별'!$B:$B,"<="&$C33) -> 3107 | O33: =SUMIFS('전체 일별'!$AR:$AR,'전체 일별'!$B:$B,">="&$B33,'전체 일별'!$B:$B,"<="&$C33) -> 2015 | P33: =SUMIFS('전체 일별'!$AJ:$AJ,'전체 일별'!$B:$B,">="&$B33,'전체 일별'!$B:$B,"<="&$C33) -> 547 | Q33: =SUMIFS('전체 일별'!$Z:$Z,'전체 일별'!$B:$B,">="&$B33,'전체 일별'!$B:$B,"<="&$C33) -> 573 | R33: =SUMIFS('전체 일별'!$AL:$AL,'전체 일별'!$B:$B,">="&$B33,'전체 일별'!$B:$B,"<="&$C33) -> 5001 | S33: =SUMIFS('전체 일별'!$AO:$AO,'전체 일별'!$B:$B,">="&$B33,'전체 일별'!$B:$B,"<="&$C33) -> 4716 | T33: =SUMIFS('전체 일별'!$AP:$AP,'전체 일별'!$B:$B,">="&$B33,'전체 일별'!$B:$B,"<="&$C33) -> 119 | U33: =F33/Q33 -> 19623.949 | W33: =O33/N33 -> 0.64853556 | X33: =Q33/O33 -> 0.28436725 | Y33: =T33/(S33+T33) -> 0.024612203 | Z33: =E33/S33 -> 9514.43 | AB33: =5475340/567 -> 9656.6843 | AC33: =308065/89 -> 3461.4045 | AD33: =4511295/1120 -> 4027.942 | AH33: =945124/411 -> 2299.5718 | AM33: 0 | AN33: 0
B34: =C33+1 -> 45653 | C34: =B34+6 -> 45659 | D34: 24년 12월 5주차 | E34: =SUMIFS('전체 일별'!$BA:$BA,'전체 일별'!$B:$B,">="&$B34,'전체 일별'!$B:$B,"<="&$C34) -> 47552732 | F34: =SUMIFS('전체 일별'!$L:$L,'전체 일별'!$B:$B,">="&$B34,'전체 일별'!$B:$B,"<="&$C34) -> 11446191 | G34: =4517957/498 -> 9072.2028 | H34: =472815/164 -> 2883.0183 | I34: 0 | J34: =4611364/1183 -> 3898.0254 | M34: =1781105/438 -> 4066.4498 | N34: =SUMIFS('전체 일별'!$AQ:$AQ,'전체 일별'!$B:$B,">="&$B34,'전체 일별'!$B:$B,"<="&$C34) -> 3362 | O34: =SUMIFS('전체 일별'!$AR:$AR,'전체 일별'!$B:$B,">="&$B34,'전체 일별'!$B:$B,"<="&$C34) -> 2116 | P34: =SUMIFS('전체 일별'!$AJ:$AJ,'전체 일별'!$B:$B,">="&$B34,'전체 일별'!$B:$B,"<="&$C34) -> 979 | Q34: =SUMIFS('전체 일별'!$Z:$Z,'전체 일별'!$B:$B,">="&$B34,'전체 일별'!$B:$B,"<="&$C34) -> 648 | R34: =SUMIFS('전체 일별'!$AL:$AL,'전체 일별'!$B:$B,">="&$B34,'전체 일별'!$B:$B,"<="&$C34) -> 5463 | S34: =SUMIFS('전체 일별'!$AO:$AO,'전체 일별'!$B:$B,">="&$B34,'전체 일별'!$B:$B,"<="&$C34) -> 5089 | T34: =SUMIFS('전체 일별'!$AP:$AP,'전체 일별'!$B:$B,">="&$B34,'전체 일별'!$B:$B,"<="&$C34) -> 129 | U34: =F34/Q34 -> 17663.875 | W34: =O34/N34 -> 0.62938727 | X34: =Q34/O34 -> 0.30623819 | Y34: =T34/(S34+T34) -> 0.024722116 | Z34: =E34/S34 -> 9344.2193 | AM34: 0 | AN34: 0
B35: =C34+1 -> 45660 | C35: =B35+6 -> 45666 | D35: 25년 1월 1주차 | E35: =SUMIFS('전체 일별'!$BA:$BA,'전체 일별'!$B:$B,">="&$B35,'전체 일별'!$B:$B,"<="&$C35) -> 50807562 | F35: =SUMIFS('전체 일별'!$L:$L,'전체 일별'!$B:$B,">="&$B35,'전체 일별'!$B:$B,"<="&$C35) -> 6839074 | G35: =3151756/97 -> 32492.33 | H35: =301872/36 -> 8385.3333 | I35: 0 | J35: =2684731/110 -> 24406.645 | M35: =700714/15 -> 46714.267 | N35: =SUMIFS('전체 일별'!$AQ:$AQ,'전체 일별'!$B:$B,">="&$B35,'전체 일별'!$B:$B,"<="&$C35) -> 1922 | O35: =SUMIFS('전체 일별'!$AR:$AR,'전체 일별'!$B:$B,">="&$B35,'전체 일별'!$B:$B,"<="&$C35) -> 1308 | P35: =SUMIFS('전체 일별'!$AJ:$AJ,'전체 일별'!$B:$B,">="&$B35,'전체 일별'!$B:$B,"<="&$C35) -> 558 | Q35: =SUMIFS('전체 일별'!$Z:$Z,'전체 일별'!$B:$B,">="&$B35,'전체 일별'!$B:$B,"<="&$C35) -> 489 | R35: =SUMIFS('전체 일별'!$AL:$AL,'전체 일별'!$B:$B,">="&$B35,'전체 일별'!$B:$B,"<="&$C35) -> 5080 | S35: =SUMIFS('전체 일별'!$AO:$AO,'전체 일별'!$B:$B,">="&$B35,'전체 일별'!$B:$B,"<="&$C35) -> 4805 | T35: =SUMIFS('전체 일별'!$AP:$AP,'전체 일별'!$B:$B,">="&$B35,'전체 일별'!$B:$B,"<="&$C35) -> 130 | U35: =F35/Q35 -> 13985.836 | W35: =O35/N35 -> 0.6805411 | X35: =Q35/O35 -> 0.37385321 | Y35: =T35/(S35+T35) -> 0.026342452 | Z35: =E35/S35 -> 10573.894 | AB35: 97 | AC35: 36 | AD35: 110 | AH35: 15 | AM35: 0 | AN35: 0
B36: =C35+1 -> 45667 | C36: =B36+6 -> 45673 | D36: 25년 1월 2주차 | E36: =SUMIFS('전체 일별'!$BA:$BA,'전체 일별'!$B:$B,">="&$B36,'전체 일별'!$B:$B,"<="&$C36) -> 51012188 | F36: =SUMIFS('전체 일별'!$L:$L,'전체 일별'!$B:$B,">="&$B36,'전체 일별'!$B:$B,"<="&$C36) -> 9062597 | G36: =(SUMIFS('전체 일별'!$C:$C,'전체 일별'!$B:$B,">="&$B36,'전체 일별'!$B:$B,"<="&$C36))/AB36 -> 61363.197 | H36: =(SUMIFS('전체 일별'!$D:$D,'전체 일별'!$B:$B,">="&$B36,'전체 일별'!$B:$B,"<="&$C36))/AC36/($AL36/$AK36) -> 11878.264 | I36: =SUMIFS('전체 일별'!$E:$E,'전체 일별'!$B:$B,">="&$B36,'전체 일별'!$B:$B,"<="&$C36) -> 0 | J36: =(SUMIFS('전체 일별'!$F:$F,'전체 일별'!$B:$B,">="&$B36,'전체 일별'!$B:$B,"<="&$C36))/AD36 -> 48496.303 | M36: =(SUMIFS('전체 일별'!$H:$H,'전체 일별'!$B:$B,">="&$B36,'전체 일별'!$B:$B,"<="&$C36))/AH36 -> 84071.6 | N36: =SUMIFS('전체 일별'!$AQ:$AQ,'전체 일별'!$B:$B,">="&$B36,'전체 일별'!$B:$B,"<="&$C36) -> 2106 | O36: =SUMIFS('전체 일별'!$AR:$AR,'전체 일별'!$B:$B,">="&$B36,'전체 일별'!$B:$B,"<="&$C36) -> 1423 | P36: =SUMIFS('전체 일별'!$AJ:$AJ,'전체 일별'!$B:$B,">="&$B36,'전체 일별'!$B:$B,"<="&$C36) -> 582 | Q36: =SUMIFS('전체 일별'!$Z:$Z,'전체 일별'!$B:$B,">="&$B36,'전체 일별'!$B:$B,"<="&$C36) -> 429 | R36: =SUMIFS('전체 일별'!$AL:$AL,'전체 일별'!$B:$B,">="&$B36,'전체 일별'!$B:$B,"<="&$C36) -> 5190 | S36: =SUMIFS('전체 일별'!$AO:$AO,'전체 일별'!$B:$B,">="&$B36,'전체 일별'!$B:$B,"<="&$C36) -> 4901 | T36: =SUMIFS('전체 일별'!$AP:$AP,'전체 일별'!$B:$B,">="&$B36,'전체 일별'!$B:$B,"<="&$C36) -> 95 | U36: =F36/Q36 -> 21124.935 | V36: =F36/SUM(AB36:AH36)/(AL36/AK36) -> 37800.196 | W36: =O36/N36 -> 0.67568851 | X36: =Q36/O36 -> 0.30147576 | Y36: =T36/(S36+T36) -> 0.019015212 | Z36: =E36/S36 -> 10408.526 | AA36: =SUMIFS('전체 일별'!$BJ:$BJ,'전체 일별'!$B:$B,">="&$B36,'전체 일별'!$B:$B,"<="&$C36) -> 98 | AB36: 76 | AC36: 18 | AD36: 76 | AH36: 5 | AI36: =AJ36-6 -> 45659 | AJ36: =C36-8 -> 45665 | AK36: =AVERAGE('전체 일별'!BG1301:BG1307) -> 0.24637143 | AL36: =AK36*1.37 -> 0.33752886 | AM36: 0 | AN36: 0
B37: =C36+1 -> 45674 | C37: =B37+6 -> 45680 | D37: 25년 1월 3주차 | E37: =SUMIFS('전체 일별'!$BA:$BA,'전체 일별'!$B:$B,">="&$B37,'전체 일별'!$B:$B,"<="&$C37) -> 52496276 | F37: =SUMIFS('전체 일별'!$L:$L,'전체 일별'!$B:$B,">="&$B37,'전체 일별'!$B:$B,"<="&$C37) -> 9452408 | G37: =(SUMIFS('전체 일별'!$C:$C,'전체 일별'!$B:$B,">="&$B37,'전체 일별'!$B:$B,"<="&$C37))/AB37 -> 40766.47 | H37: =(SUMIFS('전체 일별'!$D:$D,'전체 일별'!$B:$B,">="&$B37,'전체 일별'!$B:$B,"<="&$C37))/AC37/($AL37/$AK37) -> 6813.3212 | I37: =IFERROR((SUMIFS('전체 일별'!$E:$E,'전체 일별'!$B:$B,">="&$B37,'전체 일별'!$B:$B,"<="&$C37))/AE37,0) -> 0 | J37: =(SUMIFS('전체 일별'!$F:$F,'전체 일별'!$B:$B,">="&$B37,'전체 일별'!$B:$B,"<="&$C37))/AD37 -> 44386.306 | M37: =(SUMIFS('전체 일별'!$H:$H,'전체 일별'!$B:$B,">="&$B37,'전체 일별'!$B:$B,"<="&$C37))/AH37 -> 69975.833 | N37: =SUMIFS('전체 일별'!$AQ:$AQ,'전체 일별'!$B:$B,">="&$B37,'전체 일별'!$B:$B,"<="&$C37) -> 2243 | O37: =SUMIFS('전체 일별'!$AR:$AR,'전체 일별'!$B:$B,">="&$B37,'전체 일별'!$B:$B,"<="&$C37) -> 1620 | P37: =SUMIFS('전체 일별'!$AJ:$AJ,'전체 일별'!$B:$B,">="&$B37,'전체 일별'!$B:$B,"<="&$C37) -> 649 | Q37: =SUMIFS('전체 일별'!$Z:$Z,'전체 일별'!$B:$B,">="&$B37,'전체 일별'!$B:$B,"<="&$C37) -> 491 | R37: =SUMIFS('전체 일별'!$AL:$AL,'전체 일별'!$B:$B,">="&$B37,'전체 일별'!$B:$B,"<="&$C37) -> 5338 | S37: =SUMIFS('전체 일별'!$AO:$AO,'전체 일별'!$B:$B,">="&$B37,'전체 일별'!$B:$B,"<="&$C37) -> 5039 | T37: =SUMIFS('전체 일별'!$AP:$AP,'전체 일별'!$B:$B,">="&$B37,'전체 일별'!$B:$B,"<="&$C37) -> 120 | U37: =F37/Q37 -> 19251.34 | V37: =F37/SUM(AB37:AH37)/(AL37/AK37) -> 27379.238 | W37: =O37/N37 -> 0.72224699 | X37: =Q37/O37 -> 0.30308642 | Y37: =T37/(S37+T37) -> 0.023260322 | Z37: =E37/S37 -> 10417.995 | AA37: =SUMIFS('전체 일별'!$BJ:$BJ,'전체 일별'!$B:$B,">="&$B37,'전체 일별'!$B:$B,"<="&$C37) -> 69 | AB37: 134 | AC37: 40 | AD37: 72 | AE37: 0 | AH37: 6 | AI37: =AJ37-6 -> 45666 | AJ37: =C37-8 -> 45672 | AK37: =AVERAGE('전체 일별'!BG1299:BG1305) -> 0.25808571 | AL37: =AK37*1.37 -> 0.35357743 | AM37: 0 | AN37: 0
B38: =C37+1 -> 45681 | C38: =B38+6 -> 45687 | D38: 25년 1월 4주차 | E38: =SUMIFS('전체 일별'!$BA:$BA,'전체 일별'!$B:$B,">="&$B38,'전체 일별'!$B:$B,"<="&$C38) -> 35588831 | F38: =SUMIFS('전체 일별'!$L:$L,'전체 일별'!$B:$B,">="&$B38,'전체 일별'!$B:$B,"<="&$C38) -> 9700667 | G38: =(SUMIFS('전체 일별'!$C:$C,'전체 일별'!$B:$B,">="&$B38,'전체 일별'!$B:$B,"<="&$C38))/AB38/($AL38/$AK38) -> 62723.129 | H38: =(SUMIFS('전체 일별'!$D:$D,'전체 일별'!$B:$B,">="&$B38,'전체 일별'!$B:$B,"<="&$C38))/AC38/($AL38/$AK38) -> 13878.054 | I38: =IFERROR((SUMIFS('전체 일별'!$E:$E,'전체 일별'!$B:$B,">="&$B38,'전체 일별'!$B:$B,"<="&$C38))/AE38,0)/($AL38/$AK38) -> 0 | J38: =(SUMIFS('전체 일별'!$F:$F,'전체 일별'!$B:$B,">="&$B38,'전체 일별'!$B:$B,"<="&$C38))/AD38/($AL38/$AK38) -> 42826.251 | M38: =IFERROR((SUMIFS('전체 일별'!$H:$H,'전체 일별'!$B:$B,">="&$B38,'전체 일별'!$B:$B,"<="&$C38))/AH38,0)/($AL38/$AK38) -> 135723.72 | N38: =SUMIFS('전체 일별'!$AQ:$AQ,'전체 일별'!$B:$B,">="&$B38,'전체 일별'!$B:$B,"<="&$C38) -> 2156 | O38: =SUMIFS('전체 일별'!$AR:$AR,'전체 일별'!$B:$B,">="&$B38,'전체 일별'!$B:$B,"<="&$C38) -> 1578 | P38: =SUMIFS('전체 일별'!$AJ:$AJ,'전체 일별'!$B:$B,">="&$B38,'전체 일별'!$B:$B,"<="&$C38) -> 395 | Q38: =SUMIFS('전체 일별'!$Z:$Z,'전체 일별'!$B:$B,">="&$B38,'전체 일별'!$B:$B,"<="&$C38) -> 323 | R38: =SUMIFS('전체 일별'!$AL:$AL,'전체 일별'!$B:$B,">="&$B38,'전체 일별'!$B:$B,"<="&$C38) -> 3675 | S38: =SUMIFS('전체 일별'!$AO:$AO,'전체 일별'!$B:$B,">="&$B38,'전체 일별'!$B:$B,"<="&$C38) -> 3418 | T38: =SUMIFS('전체 일별'!$AP:$AP,'전체 일별'!$B:$B,">="&$B38,'전체 일별'!$B:$B,"<="&$C38) -> 93 | U38: =F38/Q38 -> 30033.025 | V38: =F38/SUM(AB38:AH38)/(AL38/AK38) -> 50576.992 | W38: =O38/N38 -> 0.73191095 | X38: =Q38/O38 -> 0.20468948 | Y38: =T38/(S38+T38) -> 0.02648818 | Z38: =E38/S38 -> 10412.18 | AA38: =SUMIFS('전체 일별'!$BJ:$BJ,'전체 일별'!$B:$B,">="&$B38,'전체 일별'!$B:$B,"<="&$C38) -> 60 | AB38: 67 | AC38: 15 | AD38: 56 | AE38: 0 | AH38: 2 | AI38: =AJ38-6 -> 45673 | AJ38: =C38-8 -> 45679 | AK38: 0.2394 | AL38: =AK38*1.37 -> 0.327978 | AM38: 0 | AN38: 0
B39: =C38+1 -> 45688 | C39: =B39+6 -> 45694 | D39: 25년 2월 1주차 | E39: =SUMIFS('전체 일별'!$BA:$BA,'전체 일별'!$B:$B,">="&$B39,'전체 일별'!$B:$B,"<="&$C39) -> 65251640 | F39: =SUMIFS('전체 일별'!$L:$L,'전체 일별'!$B:$B,">="&$B39,'전체 일별'!$B:$B,"<="&$C39) -> 8203566 | G39: =(SUMIFS('전체 일별'!$C:$C,'전체 일별'!$B:$B,">="&$B39,'전체 일별'!$B:$B,"<="&$C39))/AB39/($AL39/$AK39) -> 40311.178 | H39: =(SUMIFS('전체 일별'!$D:$D,'전체 일별'!$B:$B,">="&$B39,'전체 일별'!$B:$B,"<="&$C39))/AC39/($AL39/$AK39) -> 6809.4907 | I39: =IFERROR((SUMIFS('전체 일별'!$E:$E,'전체 일별'!$B:$B,">="&$B39,'전체 일별'!$B:$B,"<="&$C39))/AE39,0)/($AL39/$AK39) -> 0 | J39: =(SUMIFS('전체 일별'!$F:$F,'전체 일별'!$B:$B,">="&$B39,'전체 일별'!$B:$B,"<="&$C39))/AD39/($AL39/$AK39) -> 48097.704 | M39: =IFERROR((SUMIFS('전체 일별'!$H:$H,'전체 일별'!$B:$B,">="&$B39,'전체 일별'!$B:$B,"<="&$C39))/AH39,0)/($AL39/$AK39) -> 0 | N39: =SUMIFS('전체 일별'!$AQ:$AQ,'전체 일별'!$B:$B,">="&$B39,'전체 일별'!$B:$B,"<="&$C39) -> 1817 | O39: =SUMIFS('전체 일별'!$AR:$AR,'전체 일별'!$B:$B,">="&$B39,'전체 일별'!$B:$B,"<="&$C39) -> 1337 | P39: =SUMIFS('전체 일별'!$AJ:$AJ,'전체 일별'!$B:$B,">="&$B39,'전체 일별'!$B:$B,"<="&$C39) -> 712 | Q39: =SUMIFS('전체 일별'!$Z:$Z,'전체 일별'!$B:$B,">="&$B39,'전체 일별'!$B:$B,"<="&$C39) -> 442 | R39: =SUMIFS('전체 일별'!$AL:$AL,'전체 일별'!$B:$B,">="&$B39,'전체 일별'!$B:$B,"<="&$C39) -> 6460 | S39: =SUMIFS('전체 일별'!$AO:$AO,'전체 일별'!$B:$B,">="&$B39,'전체 일별'!$B:$B,"<="&$C39) -> 6004 | T39: =SUMIFS('전체 일별'!$AP:$AP,'전체 일별'!$B:$B,">="&$B39,'전체 일별'!$B:$B,"<="&$C39) -> 158 | U39: =F39/Q39 -> 18560.104 | V39: =F39/SUM(AB39:AH39)/(AL39/AK39) -> 34526.793 | W39: =O39/N39 -> 0.73582829 | X39: =Q39/O39 -> 0.33059088 | Y39: =T39/(S39+T39) -> 0.025641026 | Z39: =E39/S39 -> 10868.028 | AA39: =SUMIFS('전체 일별'!$BJ:$BJ,'전체 일별'!$B:$B,">="&$B39,'전체 일별'!$B:$B,"<="&$C39) -> 74 | AB39: 78 | AC39: 48 | AD39: 50 | AE39: 0 | AH39: 0 | AI39: =AJ39-6 -> 45680 | AJ39: =C39-8 -> 45686 | AK39: =AVERAGE('전체 일별'!BG1312:BG1318) -> 0.20391429 | AL39: =AK39*1.35 -> 0.27528429 | AM39: 0 | AN39: 0
B40: =C39+1 -> 45695 | C40: =B40+6 -> 45701 | D40: 25년 2월 2주차 | E40: =SUMIFS('전체 일별'!$BA:$BA,'전체 일별'!$B:$B,">="&$B40,'전체 일별'!$B:$B,"<="&$C40) -> 56168030 | F40: =SUMIFS('전체 일별'!$L:$L,'전체 일별'!$B:$B,">="&$B40,'전체 일별'!$B:$B,"<="&$C40) -> 9372000 | G40: =(SUMIFS('전체 일별'!$C:$C,'전체 일별'!$B:$B,">="&$B40,'전체 일별'!$B:$B,"<="&$C40))/AB40/($AL40/$AK40) -> 52888.63 | H40: =(SUMIFS('전체 일별'!$D:$D,'전체 일별'!$B:$B,">="&$B40,'전체 일별'!$B:$B,"<="&$C40))/AC40/($AL40/$AK40) -> 7815.0427 | I40: =IFERROR((SUMIFS('전체 일별'!$E:$E,'전체 일별'!$B:$B,">="&$B40,'전체 일별'!$B:$B,"<="&$C40))/AE40,0)/($AL40/$AK40) -> 48688.148 | J40: =(SUMIFS('전체 일별'!$F:$F,'전체 일별'!$B:$B,">="&$B40,'전체 일별'!$B:$B,"<="&$C40))/AD40/($AL40/$AK40) -> 32636.232 | M40: =IFERROR((SUMIFS('전체 일별'!$H:$H,'전체 일별'!$B:$B,">="&$B40,'전체 일별'!$B:$B,"<="&$C40))/AH40,0)/($AL40/$AK40) -> 0 | N40: =SUMIFS('전체 일별'!$AQ:$AQ,'전체 일별'!$B:$B,">="&$B40,'전체 일별'!$B:$B,"<="&$C40) -> 2008 | O40: =SUMIFS('전체 일별'!$AR:$AR,'전체 일별'!$B:$B,">="&$B40,'전체 일별'!$B:$B,"<="&$C40) -> 1542 | P40: =SUMIFS('전체 일별'!$AJ:$AJ,'전체 일별'!$B:$B,">="&$B40,'전체 일별'!$B:$B,"<="&$C40) -> 650 | Q40: =SUMIFS('전체 일별'!$Z:$Z,'전체 일별'!$B:$B,">="&$B40,'전체 일별'!$B:$B,"<="&$C40) -> 490 | R40: =SUMIFS('전체 일별'!$AL:$AL,'전체 일별'!$B:$B,">="&$B40,'전체 일별'!$B:$B,"<="&$C40) -> 5805 | S40: =SUMIFS('전체 일별'!$AO:$AO,'전체 일별'!$B:$B,">="&$B40,'전체 일별'!$B:$B,"<="&$C40) -> 5443 | T40: =SUMIFS('전체 일별'!$AP:$AP,'전체 일별'!$B:$B,">="&$B40,'전체 일별'!$B:$B,"<="&$C40) -> 150 | U40: =F40/Q40 -> 19126.531 | V40: =F40/SUM(AB40:AH40)/(AL40/AK40) -> 38567.901 | W40: =O40/N40 -> 0.76792829 | X40: =Q40/O40 -> 0.31776913 | Y40: =T40/(S40+T40) -> 0.026819238 | Z40: =E40/S40 -> 10319.315 | AA40: =SUMIFS('전체 일별'!$BJ:$BJ,'전체 일별'!$B:$B,">="&$B40,'전체 일별'!$B:$B,"<="&$C40) -> 62 | AB40: 83 | AC40: 26 | AD40: 69 | AE40: 2 | AH40: 0 | AI40: =AJ40-6 -> 45687 | AJ40: =C40-8 -> 45693 | AK40: =AVERAGE('전체 일별'!BG1319:BG1325) -> 0.20338571 | AL40: =AK40*1.35 -> 0.27457071 | AM40: 0 | AN40: 0
B41: =C40+1 -> 45702 | C41: =B41+6 -> 45708 | D41: 25년 2월 3주차 | E41: =SUMIFS('전체 일별'!$BA:$BA,'전체 일별'!$B:$B,">="&$B41,'전체 일별'!$B:$B,"<="&$C41) -> 56747845 | F41: =SUMIFS('전체 일별'!$L:$L,'전체 일별'!$B:$B,">="&$B41,'전체 일별'!$B:$B,"<="&$C41) -> 9503664 | G41: =(SUMIFS('전체 일별'!$C:$C,'전체 일별'!$B:$B,">="&$B41,'전체 일별'!$B:$B,"<="&$C41))/AB41/($AL41/$AK41) -> 77155.439 | H41: =(SUMIFS('전체 일별'!$D:$D,'전체 일별'!$B:$B,">="&$B41,'전체 일별'!$B:$B,"<="&$C41))/AC41/($AL41/$AK41) -> 5552.7984 | I41: =IFERROR((SUMIFS('전체 일별'!$E:$E,'전체 일별'!$B:$B,">="&$B41,'전체 일별'!$B:$B,"<="&$C41))/AE41,0)/($AL41/$AK41) -> 0 | J41: =(SUMIFS('전체 일별'!$F:$F,'전체 일별'!$B:$B,">="&$B41,'전체 일별'!$B:$B,"<="&$C41))/AD41/($AL41/$AK41) -> 35391.165 | M41: =IFERROR((SUMIFS('전체 일별'!$H:$H,'전체 일별'!$B:$B,">="&$B41,'전체 일별'!$B:$B,"<="&$C41))/AH41,0)/($AL41/$AK41) -> 0 | N41: =SUMIFS('전체 일별'!$AQ:$AQ,'전체 일별'!$B:$B,">="&$B41,'전체 일별'!$B:$B,"<="&$C41) -> 1893 | O41: =SUMIFS('전체 일별'!$AR:$AR,'전체 일별'!$B:$B,">="&$B41,'전체 일별'!$B:$B,"<="&$C41) -> 1487 | P41: =SUMIFS('전체 일별'!$AJ:$AJ,'전체 일별'!$B:$B,">="&$B41,'전체 일별'!$B:$B,"<="&$C41) -> 675 | Q41: =SUMIFS('전체 일별'!$Z:$Z,'전체 일별'!$B:$B,">="&$B41,'전체 일별'!$B:$B,"<="&$C41) -> 480 | R41: =SUMIFS('전체 일별'!$AL:$AL,'전체 일별'!$B:$B,">="&$B41,'전체 일별'!$B:$B,"<="&$C41) -> 5823 | S41: =SUMIFS('전체 일별'!$AO:$AO,'전체 일별'!$B:$B,">="&$B41,'전체 일별'!$B:$B,"<="&$C41) -> 5513 | T41: =SUMIFS('전체 일별'!$AP:$AP,'전체 일별'!$B:$B,">="&$B41,'전체 일별'!$B:$B,"<="&$C41) -> 131 | U41: =F41/Q41 -> 19799.3 | V41: =F41/SUM(AB41:AH41)/(AL41/AK41) -> 43455.254 | W41: =O41/N41 -> 0.78552562 | X41: =Q41/O41 -> 0.32279758 | Y41: =T41/(S41+T41) -> 0.023210489 | Z41: =E41/S41 -> 10293.46 | AA41: =SUMIFS('전체 일별'!$BJ:$BJ,'전체 일별'!$B:$B,">="&$B41,'전체 일별'!$B:$B,"<="&$C41) -> 54 | AB41: 57 | AC41: 36 | AD41: 69 | AE41: 0 | AH41: 0 | AI41: =AJ41-6 -> 45694 | AJ41: =C41-8 -> 45700 | AK41: =AVERAGE('전체 일별'!BG1327:BG1333) -> 0.2558 | AL41: =AK41*1.35 -> 0.34533 | AM41: 0 | AN41: 0
B42: =C41+1 -> 45709 | C42: =B42+6 -> 45715 | D42: 25년 2월 4주차 | E42: =SUMIFS('전체 일별'!$BA:$BA,'전체 일별'!$B:$B,">="&$B42,'전체 일별'!$B:$B,"<="&$C42) -> 62649540 | F42: =SUMIFS('전체 일별'!$L:$L,'전체 일별'!$B:$B,">="&$B42,'전체 일별'!$B:$B,"<="&$C42) -> 8409341 | G42: =(SUMIFS('전체 일별'!$C:$C,'전체 일별'!$B:$B,">="&$B42,'전체 일별'!$B:$B,"<="&$C42))/AB42/($AL42/$AK42) -> 41804.877 | H42: =(SUMIFS('전체 일별'!$D:$D,'전체 일별'!$B:$B,">="&$B42,'전체 일별'!$B:$B,"<="&$C42))/AC42/($AL42/$AK42) -> 4909.9259 | I42: =IFERROR((SUMIFS('전체 일별'!$E:$E,'전체 일별'!$B:$B,">="&$B42,'전체 일별'!$B:$B,"<="&$C42))/AE42,0)/($AL42/$AK42) -> 0 | J42: =(SUMIFS('전체 일별'!$F:$F,'전체 일별'!$B:$B,">="&$B42,'전체 일별'!$B:$B,"<="&$C42))/AD42/($AL42/$AK42) -> 27345.294 | M42: =IFERROR((SUMIFS('전체 일별'!$H:$H,'전체 일별'!$B:$B,">="&$B42,'전체 일별'!$B:$B,"<="&$C42))/AH42,0)/($AL42/$AK42) -> 0 | N42: =SUMIFS('전체 일별'!$AQ:$AQ,'전체 일별'!$B:$B,">="&$B42,'전체 일별'!$B:$B,"<="&$C42) -> 1893 | O42: =SUMIFS('전체 일별'!$AR:$AR,'전체 일별'!$B:$B,">="&$B42,'전체 일별'!$B:$B,"<="&$C42) -> 1425 | P42: =SUMIFS('전체 일별'!$AJ:$AJ,'전체 일별'!$B:$B,">="&$B42,'전체 일별'!$B:$B,"<="&$C42) -> 719 | Q42: =SUMIFS('전체 일별'!$Z:$Z,'전체 일별'!$B:$B,">="&$B42,'전체 일별'!$B:$B,"<="&$C42) -> 535 | R42: =SUMIFS('전체 일별'!$AL:$AL,'전체 일별'!$B:$B,">="&$B42,'전체 일별'!$B:$B,"<="&$C42) -> 6141 | S42: =SUMIFS('전체 일별'!$AO:$AO,'전체 일별'!$B:$B,">="&$B42,'전체 일별'!$B:$B,"<="&$C42) -> 5803 | T42: =SUMIFS('전체 일별'!$AP:$AP,'전체 일별'!$B:$B,">="&$B42,'전체 일별'!$B:$B,"<="&$C42) -> 144 | U42: =F42/Q42 -> 15718.394 | V42: =F42/SUM(AB42:AH42)/(AL42/AK42) -> 27808.667 | W42: =O42/N42 -> 0.75277338 | X42: =Q42/O42 -> 0.3754386 | Y42: =T42/(S42+T42) -> 0.024213889 | Z42: =E42/S42 -> 10796.061 | AA42: =SUMIFS('전체 일별'!$BJ:$BJ,'전체 일별'!$B:$B,">="&$B42,'전체 일별'!$B:$B,"<="&$C42) -> 63 | AB42: 77 | AC42: 45 | AD42: 102 | AE42: 0 | AH42: 0 | AI42: =AJ42-6 -> 45701 | AJ42: =C42-8 -> 45707 | AK42: =AVERAGEIFS('전체 일별'!$BG:$BG,'전체 일별'!$B:$B,">="&$AI42,'전체 일별'!$B:$B,"<="&$AJ42) -> 0.23642857 | AL42: =AK42*1.35 -> 0.31917857 | AM42: 0 | AN42: 0
B43: =C42+1 -> 45716 | C43: =B43+6 -> 45722 | D43: 25년 3월 1주차 | E43: =SUMIFS('전체 일별'!$BA:$BA,'전체 일별'!$B:$B,">="&$B43,'전체 일별'!$B:$B,"<="&$C43) -> 63208785 | F43: =SUMIFS('전체 일별'!$L:$L,'전체 일별'!$B:$B,">="&$B43,'전체 일별'!$B:$B,"<="&$C43) -> 9871955 | G43: =(SUMIFS('전체 일별'!$C:$C,'전체 일별'!$B:$B,">="&$B43,'전체 일별'!$B:$B,"<="&$C43))/AB43/($AL43/$AK43) -> 56117.64 | H43: =(SUMIFS('전체 일별'!$D:$D,'전체 일별'!$B:$B,">="&$B43,'전체 일별'!$B:$B,"<="&$C43))/AC43/($AL43/$AK43) -> 5155.7246 | I43: =IFERROR((SUMIFS('전체 일별'!$E:$E,'전체 일별'!$B:$B,">="&$B43,'전체 일별'!$B:$B,"<="&$C43))/AE43,0)/($AL43/$AK43) -> 0 | J43: =(SUMIFS('전체 일별'!$F:$F,'전체 일별'!$B:$B,">="&$B43,'전체 일별'!$B:$B,"<="&$C43))/AD43/($AL43/$AK43) -> 31549.906 | M43: =IFERROR((SUMIFS('전체 일별'!$H:$H,'전체 일별'!$B:$B,">="&$B43,'전체 일별'!$B:$B,"<="&$C43))/AH43,0)/($AL43/$AK43) -> 0 | N43: =SUMIFS('전체 일별'!$AQ:$AQ,'전체 일별'!$B:$B,">="&$B43,'전체 일별'!$B:$B,"<="&$C43) -> 1976 | O43: =SUMIFS('전체 일별'!$AR:$AR,'전체 일별'!$B:$B,">="&$B43,'전체 일별'!$B:$B,"<="&$C43) -> 1546 | P43: =SUMIFS('전체 일별'!$AJ:$AJ,'전체 일별'!$B:$B,">="&$B43,'전체 일별'!$B:$B,"<="&$C43) -> 680 | Q43: =SUMIFS('전체 일별'!$Z:$Z,'전체 일별'!$B:$B,">="&$B43,'전체 일별'!$B:$B,"<="&$C43) -> 538 | R43: =SUMIFS('전체 일별'!$AL:$AL,'전체 일별'!$B:$B,">="&$B43,'전체 일별'!$B:$B,"<="&$C43) -> 6306 | S43: =SUMIFS('전체 일별'!$AO:$AO,'전체 일별'!$B:$B,">="&$B43,'전체 일별'!$B:$B,"<="&$C43) -> 5918 | T43: =SUMIFS('전체 일별'!$AP:$AP,'전체 일별'!$B:$B,">="&$B43,'전체 일별'!$B:$B,"<="&$C43) -> 191 | U43: =F43/Q43 -> 18349.359 | V43: =F43/SUM(AB43:AH43)/(AL43/AK43) -> 35413.815 | W43: =O43/N43 -> 0.78238866 | X43: =Q43/O43 -> 0.34799483 | Y43: =T43/(S43+T43) -> 0.031265346 | Z43: =E43/S43 -> 10680.768 | AA43: =SUMIFS('전체 일별'!$BJ:$BJ,'전체 일별'!$B:$B,">="&$B43,'전체 일별'!$B:$B,"<="&$C43) -> 49 | AB43: 64 | AC43: 30 | AD43: 108 | AE43: 0 | AH43: 0 | AI43: =AJ43-6 -> 45708 | AJ43: =C43-8 -> 45714 | AK43: =AVERAGEIFS('전체 일별'!$BG:$BG,'전체 일별'!$B:$B,">="&$AI43,'전체 일별'!$B:$B,"<="&$AJ43) -> 0.28082857 | AL43: =AK43*1.38 -> 0.38754343 | AM43: 0 | AN43: 0
B44: =C43+1 -> 45723 | C44: =B44+6 -> 45729 | D44: 25년 3월 2주차 | E44: =SUMIFS('전체 일별'!$BA:$BA,'전체 일별'!$B:$B,">="&$B44,'전체 일별'!$B:$B,"<="&$C44) -> 64076884 | F44: =SUMIFS('전체 일별'!$L:$L,'전체 일별'!$B:$B,">="&$B44,'전체 일별'!$B:$B,"<="&$C44) -> 12238342 | G44: =(SUMIFS('전체 일별'!$C:$C,'전체 일별'!$B:$B,">="&$B44,'전체 일별'!$B:$B,"<="&$C44))/AB44/($AL44/$AK44) -> 28276.57 | H44: =(SUMIFS('전체 일별'!$D:$D,'전체 일별'!$B:$B,">="&$B44,'전체 일별'!$B:$B,"<="&$C44))/AC44/($AL44/$AK44) -> 4862.5129 | I44: =IFERROR((SUMIFS('전체 일별'!$E:$E,'전체 일별'!$B:$B,">="&$B44,'전체 일별'!$B:$B,"<="&$C44))/AE44,0)/($AL44/$AK44) -> 0 | J44: =(SUMIFS('전체 일별'!$F:$F,'전체 일별'!$B:$B,">="&$B44,'전체 일별'!$B:$B,"<="&$C44))/AD44/($AL44/$AK44) -> 30468.442 | M44: =IFERROR((SUMIFS('전체 일별'!$H:$H,'전체 일별'!$B:$B,">="&$B44,'전체 일별'!$B:$B,"<="&$C44))/AH44,0)/($AL44/$AK44) -> 0 | N44: =SUMIFS('전체 일별'!$AQ:$AQ,'전체 일별'!$B:$B,">="&$B44,'전체 일별'!$B:$B,"<="&$C44) -> 2890 | O44: =SUMIFS('전체 일별'!$AR:$AR,'전체 일별'!$B:$B,">="&$B44,'전체 일별'!$B:$B,"<="&$C44) -> 2478 | P44: =SUMIFS('전체 일별'!$AJ:$AJ,'전체 일별'!$B:$B,">="&$B44,'전체 일별'!$B:$B,"<="&$C44) -> 973 | Q44: =SUMIFS('전체 일별'!$Z:$Z,'전체 일별'!$B:$B,">="&$B44,'전체 일별'!$B:$B,"<="&$C44) -> 745 | R44: =SUMIFS('전체 일별'!$AL:$AL,'전체 일별'!$B:$B,">="&$B44,'전체 일별'!$B:$B,"<="&$C44) -> 6512 | S44: =SUMIFS('전체 일별'!$AO:$AO,'전체 일별'!$B:$B,">="&$B44,'전체 일별'!$B:$B,"<="&$C44) -> 6140 | T44: =SUMIFS('전체 일별'!$AP:$AP,'전체 일별'!$B:$B,">="&$B44,'전체 일별'!$B:$B,"<="&$C44) -> 180 | U44: =F44/Q44 -> 16427.305 | V44: =F44/SUM(AB44:AH44)/(AL44/AK44) -> 25338.182 | W44: =O44/N44 -> 0.85743945 | X44: =Q44/O44 -> 0.30064568 | Y44: =T44/(S44+T44) -> 0.028481013 | Z44: =E44/S44 -> 10435.975 | AA44: =SUMIFS('전체 일별'!$BJ:$BJ,'전체 일별'!$B:$B,">="&$B44,'전체 일별'!$B:$B,"<="&$C44) -> 84 | AB44: 165 | AC44: 56 | AD44: 129 | AE44: 0 | AH44: 0 | AI44: =AJ44-6 -> 45715 | AJ44: =C44-8 -> 45721 | AK44: =AVERAGEIFS('전체 일별'!$BG:$BG,'전체 일별'!$B:$B,">="&$AI44,'전체 일별'!$B:$B,"<="&$AJ44) -> 0.27191429 | AL44: =AK44*1.38 -> 0.37524171 | AM44: 0 | AN44: 0
B45: =C44+1 -> 45730 | C45: =B45+6 -> 45736 | D45: 25년 3월 3주차 | E45: =SUMIFS('전체 일별'!$BA:$BA,'전체 일별'!$B:$B,">="&$B45,'전체 일별'!$B:$B,"<="&$C45) -> 70504417 | F45: =SUMIFS('전체 일별'!$L:$L,'전체 일별'!$B:$B,">="&$B45,'전체 일별'!$B:$B,"<="&$C45) -> 14786129 | G45: =(SUMIFS('전체 일별'!$C:$C,'전체 일별'!$B:$B,">="&$B45,'전체 일별'!$B:$B,"<="&$C45))/AB45/($AL45/$AK45) -> 23208.857 | H45: =(SUMIFS('전체 일별'!$D:$D,'전체 일별'!$B:$B,">="&$B45,'전체 일별'!$B:$B,"<="&$C45))/AC45/($AL45/$AK45) -> 6025.0932 | I45: =IFERROR((SUMIFS('전체 일별'!$E:$E,'전체 일별'!$B:$B,">="&$B45,'전체 일별'!$B:$B,"<="&$C45))/AE45,0)/($AL45/$AK45) -> 0 | J45: =(SUMIFS('전체 일별'!$F:$F,'전체 일별'!$B:$B,">="&$B45,'전체 일별'!$B:$B,"<="&$C45))/AD45/($AL45/$AK45) -> 39905.389 | M45: =IFERROR((SUMIFS('전체 일별'!$H:$H,'전체 일별'!$B:$B,">="&$B45,'전체 일별'!$B:$B,"<="&$C45))/AH45,0)/($AL45/$AK45) -> 0 | N45: =SUMIFS('전체 일별'!$AQ:$AQ,'전체 일별'!$B:$B,">="&$B45,'전체 일별'!$B:$B,"<="&$C45) -> 3668 | O45: =SUMIFS('전체 일별'!$AR:$AR,'전체 일별'!$B:$B,">="&$B45,'전체 일별'!$B:$B,"<="&$C45) -> 3186 | P45: =SUMIFS('전체 일별'!$AJ:$AJ,'전체 일별'!$B:$B,">="&$B45,'전체 일별'!$B:$B,"<="&$C45) -> 1257 | Q45: =SUMIFS('전체 일별'!$Z:$Z,'전체 일별'!$B:$B,">="&$B45,'전체 일별'!$B:$B,"<="&$C45) -> 855 | R45: =SUMIFS('전체 일별'!$AL:$AL,'전체 일별'!$B:$B,">="&$B45,'전체 일별'!$B:$B,"<="&$C45) -> 7154 | S45: =SUMIFS('전체 일별'!$AO:$AO,'전체 일별'!$B:$B,">="&$B45,'전체 일별'!$B:$B,"<="&$C45) -> 6678 | T45: =SUMIFS('전체 일별'!$AP:$AP,'전체 일별'!$B:$B,">="&$B45,'전체 일별'!$B:$B,"<="&$C45) -> 190 | U45: =F45/Q45 -> 17293.718 | V45: =F45/SUM(AB45:AH45)/(AL45/AK45) -> 26325.765 | W45: =O45/N45 -> 0.86859324 | X45: =Q45/O45 -> 0.26836158 | Y45: =T45/(S45+T45) -> 0.027664531 | Z45: =E45/S45 -> 10557.714 | AA45: =SUMIFS('전체 일별'!$BJ:$BJ,'전체 일별'!$B:$B,">="&$B45,'전체 일별'!$B:$B,"<="&$C45) -> 79 | AB45: 260 | AC45: 35 | AD45: 112 | AE45: 0 | AH45: 0 | AI45: =AJ45-6 -> 45722 | AJ45: =C45-8 -> 45728 | AK45: =AVERAGEIFS('전체 일별'!$BG:$BG,'전체 일별'!$B:$B,">="&$AI45,'전체 일별'!$B:$B,"<="&$AJ45) -> 0.25097143 | AL45: =AK45*1.38 -> 0.34634057 | AM45: 0 | AN45: 0
B46: =C45+1 -> 45737 | C46: =B46+6 -> 45743 | D46: 25년 3월 4주차 | E46: =SUMIFS('전체 일별'!$BA:$BA,'전체 일별'!$B:$B,">="&$B46,'전체 일별'!$B:$B,"<="&$C46) -> 78494508 | F46: =SUMIFS('전체 일별'!$L:$L,'전체 일별'!$B:$B,">="&$B46,'전체 일별'!$B:$B,"<="&$C46) -> 17339274 | G46: =(SUMIFS('전체 일별'!$C:$C,'전체 일별'!$B:$B,">="&$B46,'전체 일별'!$B:$B,"<="&$C46))/AB46/($AL46/$AK46) -> 28050.653 | H46: =(SUMIFS('전체 일별'!$D:$D,'전체 일별'!$B:$B,">="&$B46,'전체 일별'!$B:$B,"<="&$C46))/AC46/($AL46/$AK46) -> 4869.2502 | I46: =IFERROR((SUMIFS('전체 일별'!$E:$E,'전체 일별'!$B:$B,">="&$B46,'전체 일별'!$B:$B,"<="&$C46))/AE46,0)/($AL46/$AK46) -> 0 | J46: =(SUMIFS('전체 일별'!$F:$F,'전체 일별'!$B:$B,">="&$B46,'전체 일별'!$B:$B,"<="&$C46))/AD46/($AL46/$AK46) -> 40014.138 | M46: =IFERROR((SUMIFS('전체 일별'!$H:$H,'전체 일별'!$B:$B,">="&$B46,'전체 일별'!$B:$B,"<="&$C46))/AH46,0)/($AL46/$AK46) -> 0 | N46: =SUMIFS('전체 일별'!$AQ:$AQ,'전체 일별'!$B:$B,">="&$B46,'전체 일별'!$B:$B,"<="&$C46) -> 3608 | O46: =SUMIFS('전체 일별'!$AR:$AR,'전체 일별'!$B:$B,">="&$B46,'전체 일별'!$B:$B,"<="&$C46) -> 3072 | P46: =SUMIFS('전체 일별'!$AJ:$AJ,'전체 일별'!$B:$B,">="&$B46,'전체 일별'!$B:$B,"<="&$C46) -> 1315 | Q46: =SUMIFS('전체 일별'!$Z:$Z,'전체 일별'!$B:$B,">="&$B46,'전체 일별'!$B:$B,"<="&$C46) -> 962 | R46: =SUMIFS('전체 일별'!$AL:$AL,'전체 일별'!$B:$B,">="&$B46,'전체 일별'!$B:$B,"<="&$C46) -> 7661 | S46: =SUMIFS('전체 일별'!$AO:$AO,'전체 일별'!$B:$B,">="&$B46,'전체 일별'!$B:$B,"<="&$C46) -> 7169 | T46: =SUMIFS('전체 일별'!$AP:$AP,'전체 일별'!$B:$B,">="&$B46,'전체 일별'!$B:$B,"<="&$C46) -> 187 | U46: =F46/Q46 -> 18024.193 | V46: =F46/SUM(AB46:AH46)/(AL46/AK46) -> 28235.261 | W46: =O46/N46 -> 0.85144124 | X46: =Q46/O46 -> 0.31315104 | Y46: =T46/(S46+T46) -> 0.025421425 | Z46: =E46/S46 -> 10949.157 | AA46: =SUMIFS('전체 일별'!$BJ:$BJ,'전체 일별'!$B:$B,">="&$B46,'전체 일별'!$B:$B,"<="&$C46) -> 85 | AB46: 303 | AC46: 46 | AD46: 96 | AE46: 0 | AH46: 0 | AI46: =AJ46-6 -> 45729 | AJ46: =C46-8 -> 45735 | AK46: =AVERAGEIFS('전체 일별'!$BG:$BG,'전체 일별'!$B:$B,">="&$AI46,'전체 일별'!$B:$B,"<="&$AJ46) -> 0.2375 | AL46: =AK46*1.38 -> 0.32775 | AM46: 0 | AN46: 0
B47: =C46+1 -> 45744 | C47: =B47+6 -> 45750 | D47: 25년 3월 5주차 | E47: =SUMIFS('전체 일별'!$BA:$BA,'전체 일별'!$B:$B,">="&$B47,'전체 일별'!$B:$B,"<="&$C47) -> 79449198 | F47: =SUMIFS('전체 일별'!$L:$L,'전체 일별'!$B:$B,">="&$B47,'전체 일별'!$B:$B,"<="&$C47) -> 15909563 | G47: =(SUMIFS('전체 일별'!$C:$C,'전체 일별'!$B:$B,">="&$B47,'전체 일별'!$B:$B,"<="&$C47))/AB47/($AL47/$AK47) -> 37018.551 | H47: =(SUMIFS('전체 일별'!$D:$D,'전체 일별'!$B:$B,">="&$B47,'전체 일별'!$B:$B,"<="&$C47))/AC47/($AL47/$AK47) -> 3712.8446 | I47: =IFERROR((SUMIFS('전체 일별'!$E:$E,'전체 일별'!$B:$B,">="&$B47,'전체 일별'!$B:$B,"<="&$C47))/AE47,0)/($AL47/$AK47) -> 0 | J47: =(SUMIFS('전체 일별'!$F:$F,'전체 일별'!$B:$B,">="&$B47,'전체 일별'!$B:$B,"<="&$C47))/AD47/($AL47/$AK47) -> 43002.008 | M47: =IFERROR((SUMIFS('전체 일별'!$H:$H,'전체 일별'!$B:$B,">="&$B47,'전체 일별'!$B:$B,"<="&$C47))/AH47,0)/($AL47/$AK47) -> 0 | N47: =SUMIFS('전체 일별'!$AQ:$AQ,'전체 일별'!$B:$B,">="&$B47,'전체 일별'!$B:$B,"<="&$C47) -> 3127 | O47: =SUMIFS('전체 일별'!$AR:$AR,'전체 일별'!$B:$B,">="&$B47,'전체 일별'!$B:$B,"<="&$C47) -> 2694 | P47: =SUMIFS('전체 일별'!$AJ:$AJ,'전체 일별'!$B:$B,">="&$B47,'전체 일별'!$B:$B,"<="&$C47) -> 1278 | Q47: =SUMIFS('전체 일별'!$Z:$Z,'전체 일별'!$B:$B,">="&$B47,'전체 일별'!$B:$B,"<="&$C47) -> 873 | R47: =SUMIFS('전체 일별'!$AL:$AL,'전체 일별'!$B:$B,">="&$B47,'전체 일별'!$B:$B,"<="&$C47) -> 7771 | S47: =SUMIFS('전체 일별'!$AO:$AO,'전체 일별'!$B:$B,">="&$B47,'전체 일별'!$B:$B,"<="&$C47) -> 7276 | T47: =SUMIFS('전체 일별'!$AP:$AP,'전체 일별'!$B:$B,">="&$B47,'전체 일별'!$B:$B,"<="&$C47) -> 159 | U47: =F47/Q47 -> 18224.013 | V47: =F47/SUM(AB47:AH47)/(AL47/AK47) -> 33319.852 | W47: =O47/N47 -> 0.86152862 | X47: =Q47/O47 -> 0.32405345 | Y47: =T47/(S47+T47) -> 0.02138534 | Z47: =E47/S47 -> 10919.351 | AA47: =SUMIFS('전체 일별'!$BJ:$BJ,'전체 일별'!$B:$B,">="&$B47,'전체 일별'!$B:$B,"<="&$C47) -> 64 | AB47: 225 | AC47: 51 | AD47: 70 | AE47: 0 | AH47: 0 | AI47: =AJ47-6 -> 45736 | AJ47: =C47-8 -> 45742 | AK47: =AVERAGEIFS('전체 일별'!$BG:$BG,'전체 일별'!$B:$B,">="&$AI47,'전체 일별'!$B:$B,"<="&$AJ47) -> 0.24764286 | AL47: =AK47*1.38 -> 0.34174714 | AM47: 0 | AN47: 0
B48: =C47+1 -> 45751 | C48: =B48+6 -> 45757 | D48: 25년 4월 1주차 | E48: =SUMIFS('전체 일별'!$BA:$BA,'전체 일별'!$B:$B,">="&$B48,'전체 일별'!$B:$B,"<="&$C48) -> 85936254 | F48: =SUMIFS('전체 일별'!$L:$L,'전체 일별'!$B:$B,">="&$B48,'전체 일별'!$B:$B,"<="&$C48) -> 16681989 | G48: =(SUMIFS('전체 일별'!$C:$C,'전체 일별'!$B:$B,">="&$B48,'전체 일별'!$B:$B,"<="&$C48))/AB48/($AL48/$AK48) -> 29639.262 | H48: =(SUMIFS('전체 일별'!$D:$D,'전체 일별'!$B:$B,">="&$B48,'전체 일별'!$B:$B,"<="&$C48))/AC48/($AL48/$AK48) -> 5730.5696 | I48: =IFERROR((SUMIFS('전체 일별'!$E:$E,'전체 일별'!$B:$B,">="&$B48,'전체 일별'!$B:$B,"<="&$C48))/AE48,0)/($AL48/$AK48) -> 0 | J48: =(SUMIFS('전체 일별'!$F:$F,'전체 일별'!$B:$B,">="&$B48,'전체 일별'!$B:$B,"<="&$C48))/AD48/($AL48/$AK48) -> 69038.202 | M48: =IFERROR((SUMIFS('전체 일별'!$H:$H,'전체 일별'!$B:$B,">="&$B48,'전체 일별'!$B:$B,"<="&$C48))/AH48,0)/($AL48/$AK48) -> 0 | N48: =SUMIFS('전체 일별'!$AQ:$AQ,'전체 일별'!$B:$B,">="&$B48,'전체 일별'!$B:$B,"<="&$C48) -> 3141 | O48: =SUMIFS('전체 일별'!$AR:$AR,'전체 일별'!$B:$B,">="&$B48,'전체 일별'!$B:$B,"<="&$C48) -> 2760 | P48: =SUMIFS('전체 일별'!$AJ:$AJ,'전체 일별'!$B:$B,">="&$B48,'전체 일별'!$B:$B,"<="&$C48) -> 1388 | Q48: =SUMIFS('전체 일별'!$Z:$Z,'전체 일별'!$B:$B,">="&$B48,'전체 일별'!$B:$B,"<="&$C48) -> 924 | R48: =SUMIFS('전체 일별'!$AL:$AL,'전체 일별'!$B:$B,">="&$B48,'전체 일별'!$B:$B,"<="&$C48) -> 8364 | S48: =SUMIFS('전체 일별'!$AO:$AO,'전체 일별'!$B:$B,">="&$B48,'전체 일별'!$B:$B,"<="&$C48) -> 7876 | T48: =SUMIFS('전체 일별'!$AP:$AP,'전체 일별'!$B:$B,">="&$B48,'전체 일별'!$B:$B,"<="&$C48) -> 198 | U48: =F48/Q48 -> 18054.101 | V48: =F48/SUM(AB48:AH48)/(AL48/AK48) -> 30220.995 | W48: =O48/N48 -> 0.87870105 | X48: =Q48/O48 -> 0.33478261 | Y48: =T48/(S48+T48) -> 0.024523161 | Z48: =E48/S48 -> 10911.155 | AA48: =SUMIFS('전체 일별'!$BJ:$BJ,'전체 일별'!$B:$B,">="&$B48,'전체 일별'!$B:$B,"<="&$C48) -> 61 | AB48: 325 | AC48: 43 | AD48: 32 | AE48: 0 | AH48: 0 | AI48: =AJ48-6 -> 45743 | AJ48: =C48-8 -> 45749 | AK48: =AVERAGEIFS('전체 일별'!$BG:$BG,'전체 일별'!$B:$B,">="&$AI48,'전체 일별'!$B:$B,"<="&$AJ48) -> 0.27088571 | AL48: =AK48*1.38 -> 0.37382229 | AM48: 0 | AN48: 0
B49: =C48+1 -> 45758 | C49: =B49+6 -> 45764 | D49: 25년 4월 2주차 | E49: =SUMIFS('전체 일별'!$BA:$BA,'전체 일별'!$B:$B,">="&$B49,'전체 일별'!$B:$B,"<="&$C49) -> 90516631 | F49: =SUMIFS('전체 일별'!$L:$L,'전체 일별'!$B:$B,">="&$B49,'전체 일별'!$B:$B,"<="&$C49) -> 18011974 | G49: =(SUMIFS('전체 일별'!$C:$C,'전체 일별'!$B:$B,">="&$B49,'전체 일별'!$B:$B,"<="&$C49))/AB49/($AL49/$AK49) -> 33253.383 | H49: =(SUMIFS('전체 일별'!$D:$D,'전체 일별'!$B:$B,">="&$B49,'전체 일별'!$B:$B,"<="&$C49))/AC49/($AL49/$AK49) -> 5174.4401 | I49: =IFERROR((SUMIFS('전체 일별'!$E:$E,'전체 일별'!$B:$B,">="&$B49,'전체 일별'!$B:$B,"<="&$C49))/AE49,0)/($AL49/$AK49) -> 0 | J49: =(SUMIFS('전체 일별'!$F:$F,'전체 일별'!$B:$B,">="&$B49,'전체 일별'!$B:$B,"<="&$C49))/AD49/($AL49/$AK49) -> 48067.143 | M49: =IFERROR((SUMIFS('전체 일별'!$H:$H,'전체 일별'!$B:$B,">="&$B49,'전체 일별'!$B:$B,"<="&$C49))/AH49,0)/($AL49/$AK49) -> 0 | N49: =SUMIFS('전체 일별'!$AQ:$AQ,'전체 일별'!$B:$B,">="&$B49,'전체 일별'!$B:$B,"<="&$C49) -> 3329 | O49: =SUMIFS('전체 일별'!$AR:$AR,'전체 일별'!$B:$B,">="&$B49,'전체 일별'!$B:$B,"<="&$C49) -> 2976 | P49: =SUMIFS('전체 일별'!$AJ:$AJ,'전체 일별'!$B:$B,">="&$B49,'전체 일별'!$B:$B,"<="&$C49) -> 1360 | Q49: =SUMIFS('전체 일별'!$Z:$Z,'전체 일별'!$B:$B,">="&$B49,'전체 일별'!$B:$B,"<="&$C49) -> 958 | R49: =SUMIFS('전체 일별'!$AL:$AL,'전체 일별'!$B:$B,">="&$B49,'전체 일별'!$B:$B,"<="&$C49) -> 8825 | S49: =SUMIFS('전체 일별'!$AO:$AO,'전체 일별'!$B:$B,">="&$B49,'전체 일별'!$B:$B,"<="&$C49) -> 8247 | T49: =SUMIFS('전체 일별'!$AP:$AP,'전체 일별'!$B:$B,">="&$B49,'전체 일별'!$B:$B,"<="&$C49) -> 199 | U49: =F49/Q49 -> 18801.643 | V49: =F49/SUM(AB49:AH49)/(AL49/AK49) -> 31526.945 | W49: =O49/N49 -> 0.89396215 | X49: =Q49/O49 -> 0.3219086 | Y49: =T49/(S49+T49) -> 0.023561449 | Z49: =E49/S49 -> 10975.704 | AA49: =SUMIFS('전체 일별'!$BJ:$BJ,'전체 일별'!$B:$B,">="&$B49,'전체 일별'!$B:$B,"<="&$C49) -> 71 | AB49: 335 | AC49: 44 | AD49: 35 | AE49: 0 | AH49: 0 | AI49: =AJ49-6 -> 45750 | AJ49: =C49-8 -> 45756 | AK49: =AVERAGEIFS('전체 일별'!$BG:$BG,'전체 일별'!$B:$B,">="&$AI49,'전체 일별'!$B:$B,"<="&$AJ49) -> 0.28377143 | AL49: =AK49*1.38 -> 0.39160457 | AM49: 0 | AN49: 0
B50: =C49+1 -> 45765 | C50: =B50+6 -> 45771 | D50: 25년 4월 3주차 | E50: =SUMIFS('전체 일별'!$BA:$BA,'전체 일별'!$B:$B,">="&$B50,'전체 일별'!$B:$B,"<="&$C50) -> 92949822 | F50: =SUMIFS('전체 일별'!$L:$L,'전체 일별'!$B:$B,">="&$B50,'전체 일별'!$B:$B,"<="&$C50) -> 16110697 | G50: =(SUMIFS('전체 일별'!$C:$C,'전체 일별'!$B:$B,">="&$B50,'전체 일별'!$B:$B,"<="&$C50))/AB50/($AL50/$AK50) -> 30439.128 | H50: =(SUMIFS('전체 일별'!$D:$D,'전체 일별'!$B:$B,">="&$B50,'전체 일별'!$B:$B,"<="&$C50))/AC50/($AL50/$AK50) -> 6857.8362 | I50: =IFERROR((SUMIFS('전체 일별'!$E:$E,'전체 일별'!$B:$B,">="&$B50,'전체 일별'!$B:$B,"<="&$C50))/AE50,0)/($AL50/$AK50) -> 0 | J50: =(SUMIFS('전체 일별'!$F:$F,'전체 일별'!$B:$B,">="&$B50,'전체 일별'!$B:$B,"<="&$C50))/AD50/($AL50/$AK50) -> 46287.432 | M50: =IFERROR((SUMIFS('전체 일별'!$H:$H,'전체 일별'!$B:$B,">="&$B50,'전체 일별'!$B:$B,"<="&$C50))/AH50,0)/($AL50/$AK50) -> 0 | N50: =SUMIFS('전체 일별'!$AQ:$AQ,'전체 일별'!$B:$B,">="&$B50,'전체 일별'!$B:$B,"<="&$C50) -> 3097 | O50: =SUMIFS('전체 일별'!$AR:$AR,'전체 일별'!$B:$B,">="&$B50,'전체 일별'!$B:$B,"<="&$C50) -> 2667 | P50: =SUMIFS('전체 일별'!$AJ:$AJ,'전체 일별'!$B:$B,">="&$B50,'전체 일별'!$B:$B,"<="&$C50) -> 1380 | Q50: =SUMIFS('전체 일별'!$Z:$Z,'전체 일별'!$B:$B,">="&$B50,'전체 일별'!$B:$B,"<="&$C50) -> 957 | R50: =SUMIFS('전체 일별'!$AL:$AL,'전체 일별'!$B:$B,">="&$B50,'전체 일별'!$B:$B,"<="&$C50) -> 9273 | S50: =SUMIFS('전체 일별'!$AO:$AO,'전체 일별'!$B:$B,">="&$B50,'전체 일별'!$B:$B,"<="&$C50) -> 8648 | T50: =SUMIFS('전체 일별'!$AP:$AP,'전체 일별'!$B:$B,">="&$B50,'전체 일별'!$B:$B,"<="&$C50) -> 221 | U50: =F50/Q50 -> 16834.584 | V50: =F50/SUM(AB50:AH50)/(AL50/AK50) -> 29186.045 | W50: =O50/N50 -> 0.86115596 | X50: =Q50/O50 -> 0.35883015 | Y50: =T50/(S50+T50) -> 0.024918255 | Z50: =E50/S50 -> 10748.129 | AA50: =SUMIFS('전체 일별'!$BJ:$BJ,'전체 일별'!$B:$B,">="&$B50,'전체 일별'!$B:$B,"<="&$C50) -> 65 | AB50: 325 | AC50: 43 | AD50: 32 | AE50: 0 | AH50: 0 | AI50: =AJ50-6 -> 45757 | AJ50: =C50-8 -> 45763 | AK50: =AVERAGEIFS('전체 일별'!$BG:$BG,'전체 일별'!$B:$B,">="&$AI50,'전체 일별'!$B:$B,"<="&$AJ50) -> 0.2678 | AL50: =AK50*1.38 -> 0.369564 | AM50: 0 | AN50: 0
B51: =C50+1 -> 45772 | C51: =B51+6 -> 45778 | D51: 25년 4월 4주차 | E51: =SUMIFS('전체 일별'!$BA:$BA,'전체 일별'!$B:$B,">="&$B51,'전체 일별'!$B:$B,"<="&$C51) -> 92441833 | F51: =SUMIFS('전체 일별'!$L:$L,'전체 일별'!$B:$B,">="&$B51,'전체 일별'!$B:$B,"<="&$C51) -> 13341190 | G51: =(SUMIFS('전체 일별'!$C:$C,'전체 일별'!$B:$B,">="&$B51,'전체 일별'!$B:$B,"<="&$C51))/AB51/($AL51/$AK51) -> 24867.416 | H51: =(SUMIFS('전체 일별'!$D:$D,'전체 일별'!$B:$B,">="&$B51,'전체 일별'!$B:$B,"<="&$C51))/AC51/($AL51/$AK51) -> 4902.0468 | I51: =IFERROR((SUMIFS('전체 일별'!$E:$E,'전체 일별'!$B:$B,">="&$B51,'전체 일별'!$B:$B,"<="&$C51))/AE51,0)/($AL51/$AK51) -> 0 | J51: =(SUMIFS('전체 일별'!$F:$F,'전체 일별'!$B:$B,">="&$B51,'전체 일별'!$B:$B,"<="&$C51))/AD51/($AL51/$AK51) -> 25950.737 | M51: =IFERROR((SUMIFS('전체 일별'!$H:$H,'전체 일별'!$B:$B,">="&$B51,'전체 일별'!$B:$B,"<="&$C51))/AH51,0)/($AL51/$AK51) -> 0 | N51: =SUMIFS('전체 일별'!$AQ:$AQ,'전체 일별'!$B:$B,">="&$B51,'전체 일별'!$B:$B,"<="&$C51) -> 2667 | O51: =SUMIFS('전체 일별'!$AR:$AR,'전체 일별'!$B:$B,">="&$B51,'전체 일별'!$B:$B,"<="&$C51) -> 2340 | P51: =SUMIFS('전체 일별'!$AJ:$AJ,'전체 일별'!$B:$B,">="&$B51,'전체 일별'!$B:$B,"<="&$C51) -> 1364 | Q51: =SUMIFS('전체 일별'!$Z:$Z,'전체 일별'!$B:$B,">="&$B51,'전체 일별'!$B:$B,"<="&$C51) -> 921 | R51: =SUMIFS('전체 일별'!$AL:$AL,'전체 일별'!$B:$B,">="&$B51,'전체 일별'!$B:$B,"<="&$C51) -> 9506 | S51: =SUMIFS('전체 일별'!$AO:$AO,'전체 일별'!$B:$B,">="&$B51,'전체 일별'!$B:$B,"<="&$C51) -> 8839 | T51: =SUMIFS('전체 일별'!$AP:$AP,'전체 일별'!$B:$B,">="&$B51,'전체 일별'!$B:$B,"<="&$C51) -> 266 | U51: =F51/Q51 -> 14485.548 | V51: =F51/SUM(AB51:AH51)/(AL51/AK51) -> 22378.539 | W51: =O51/N51 -> 0.87739033 | X51: =Q51/O51 -> 0.39358974 | Y51: =T51/(S51+T51) -> 0.029214717 | Z51: =E51/S51 -> 10458.404 | AA51: =SUMIFS('전체 일별'!$BJ:$BJ,'전체 일별'!$B:$B,">="&$B51,'전체 일별'!$B:$B,"<="&$C51) -> 64 | AB51: 317 | AC51: 57 | AD51: 58 | AE51: 0 | AH51: 0 | AI51: =AJ51-6 -> 45764 | AJ51: =C51-8 -> 45770 | AK51: =AVERAGEIFS('전체 일별'!$BG:$BG,'전체 일별'!$B:$B,">="&$AI51,'전체 일별'!$B:$B,"<="&$AJ51) -> 0.29002857 | AL51: =AK51*1.38 -> 0.40023943 | AM51: 0 | AN51: 0
B52: =C51+1 -> 45779 | C52: =B52+6 -> 45785 | D52: 25년 5월 1주차 | E52: =SUMIFS('전체 일별'!$BA:$BA,'전체 일별'!$B:$B,">="&$B52,'전체 일별'!$B:$B,"<="&$C52) -> 95271583 | F52: =SUMIFS('전체 일별'!$L:$L,'전체 일별'!$B:$B,">="&$B52,'전체 일별'!$B:$B,"<="&$C52) -> 15146924 | G52: =(SUMIFS('전체 일별'!$C:$C,'전체 일별'!$B:$B,">="&$B52,'전체 일별'!$B:$B,"<="&$C52))/AB52/($AL52/$AK52) -> 33383.453 | H52: =(SUMIFS('전체 일별'!$D:$D,'전체 일별'!$B:$B,">="&$B52,'전체 일별'!$B:$B,"<="&$C52))/AC52/($AL52/$AK52) -> 7241.9616 | I52: =IFERROR((SUMIFS('전체 일별'!$E:$E,'전체 일별'!$B:$B,">="&$B52,'전체 일별'!$B:$B,"<="&$C52))/AE52,0)/($AL52/$AK52) -> 0 | J52: =(SUMIFS('전체 일별'!$F:$F,'전체 일별'!$B:$B,">="&$B52,'전체 일별'!$B:$B,"<="&$C52))/AD52/($AL52/$AK52) -> 31868.349 | M52: =IFERROR((SUMIFS('전체 일별'!$H:$H,'전체 일별'!$B:$B,">="&$B52,'전체 일별'!$B:$B,"<="&$C52))/AH52,0)/($AL52/$AK52) -> 0 | N52: =SUMIFS('전체 일별'!$AQ:$AQ,'전체 일별'!$B:$B,">="&$B52,'전체 일별'!$B:$B,"<="&$C52) -> 3204 | O52: =SUMIFS('전체 일별'!$AR:$AR,'전체 일별'!$B:$B,">="&$B52,'전체 일별'!$B:$B,"<="&$C52) -> 2927 | P52: =SUMIFS('전체 일별'!$AJ:$AJ,'전체 일별'!$B:$B,">="&$B52,'전체 일별'!$B:$B,"<="&$C52) -> 1329 | Q52: =SUMIFS('전체 일별'!$Z:$Z,'전체 일별'!$B:$B,">="&$B52,'전체 일별'!$B:$B,"<="&$C52) -> 1036 | R52: =SUMIFS('전체 일별'!$AL:$AL,'전체 일별'!$B:$B,">="&$B52,'전체 일별'!$B:$B,"<="&$C52) -> 9418 | S52: =SUMIFS('전체 일별'!$AO:$AO,'전체 일별'!$B:$B,">="&$B52,'전체 일별'!$B:$B,"<="&$C52) -> 8844 | T52: =SUMIFS('전체 일별'!$AP:$AP,'전체 일별'!$B:$B,">="&$B52,'전체 일별'!$B:$B,"<="&$C52) -> 217 | U52: =F52/Q52 -> 14620.583 | V52: =F52/SUM(AB52:AH52)/(AL52/AK52) -> 30071.32 | W52: =O52/N52 -> 0.91354557 | X52: =Q52/O52 -> 0.35394602 | Y52: =T52/(S52+T52) -> 0.023948792 | Z52: =E52/S52 -> 10772.454 | AA52: =SUMIFS('전체 일별'!$BJ:$BJ,'전체 일별'!$B:$B,">="&$B52,'전체 일별'!$B:$B,"<="&$C52) -> 70 | AB52: 266 | AC52: 43 | AD52: 56 | AE52: 0 | AH52: 0 | AI52: =AJ52-6 -> 45771 | AJ52: =C52-8 -> 45777 | AK52: =AVERAGEIFS('전체 일별'!$BG:$BG,'전체 일별'!$B:$B,">="&$AI52,'전체 일별'!$B:$B,"<="&$AJ52) -> 0.29735714 | AL52: =AK52*1.38 -> 0.41035286 | AM52: 0 | AN52: 0
B53: =C52+1 -> 45786 | C53: =B53+6 -> 45792 | D53: 25년 5월 2주차 | E53: =SUMIFS('전체 일별'!$BA:$BA,'전체 일별'!$B:$B,">="&$B53,'전체 일별'!$B:$B,"<="&$C53) -> 98207065 | F53: =SUMIFS('전체 일별'!$L:$L,'전체 일별'!$B:$B,">="&$B53,'전체 일별'!$B:$B,"<="&$C53) -> 16051868 | G53: =(SUMIFS('전체 일별'!$C:$C,'전체 일별'!$B:$B,">="&$B53,'전체 일별'!$B:$B,"<="&$C53))/AB53/($AL53/$AK53) -> 35394.263 | H53: =(SUMIFS('전체 일별'!$D:$D,'전체 일별'!$B:$B,">="&$B53,'전체 일별'!$B:$B,"<="&$C53))/AC53/($AL53/$AK53) -> 6199.4632 | I53: =IFERROR((SUMIFS('전체 일별'!$E:$E,'전체 일별'!$B:$B,">="&$B53,'전체 일별'!$B:$B,"<="&$C53))/AE53,0)/($AL53/$AK53) -> 0 | J53: =(SUMIFS('전체 일별'!$F:$F,'전체 일별'!$B:$B,">="&$B53,'전체 일별'!$B:$B,"<="&$C53))/AD53/($AL53/$AK53) -> 39482.234 | M53: =IFERROR((SUMIFS('전체 일별'!$H:$H,'전체 일별'!$B:$B,">="&$B53,'전체 일별'!$B:$B,"<="&$C53))/AH53,0)/($AL53/$AK53) -> 0 | N53: =SUMIFS('전체 일별'!$AQ:$AQ,'전체 일별'!$B:$B,">="&$B53,'전체 일별'!$B:$B,"<="&$C53) -> 3189 | O53: =SUMIFS('전체 일별'!$AR:$AR,'전체 일별'!$B:$B,">="&$B53,'전체 일별'!$B:$B,"<="&$C53) -> 2888 | P53: =SUMIFS('전체 일별'!$AJ:$AJ,'전체 일별'!$B:$B,">="&$B53,'전체 일별'!$B:$B,"<="&$C53) -> 1402 | Q53: =SUMIFS('전체 일별'!$Z:$Z,'전체 일별'!$B:$B,">="&$B53,'전체 일별'!$B:$B,"<="&$C53) -> 974 | R53: =SUMIFS('전체 일별'!$AL:$AL,'전체 일별'!$B:$B,">="&$B53,'전체 일별'!$B:$B,"<="&$C53) -> 9915 | S53: =SUMIFS('전체 일별'!$AO:$AO,'전체 일별'!$B:$B,">="&$B53,'전체 일별'!$B:$B,"<="&$C53) -> 9264 | T53: =SUMIFS('전체 일별'!$AP:$AP,'전체 일별'!$B:$B,">="&$B53,'전체 일별'!$B:$B,"<="&$C53) -> 287 | U53: =F53/Q53 -> 16480.357 | V53: =F53/SUM(AB53:AH53)/(AL53/AK53) -> 31780.843 | W53: =O53/N53 -> 0.90561304 | X53: =Q53/O53 -> 0.33725762 | Y53: =T53/(S53+T53) -> 0.03004921 | Z53: =E53/S53 -> 10600.935 | AA53: =SUMIFS('전체 일별'!$BJ:$BJ,'전체 일별'!$B:$B,">="&$B53,'전체 일별'!$B:$B,"<="&$C53) -> 74 | AB53: 254 | AC53: 54 | AD53: 58 | AE53: 0 | AH53: 0 | AI53: =AJ53-6 -> 45778 | AJ53: =C53-8 -> 45784 | AK53: =AVERAGEIFS('전체 일별'!$BG:$BG,'전체 일별'!$B:$B,">="&$AI53,'전체 일별'!$B:$B,"<="&$AJ53) -> 0.27668571 | AL53: =AK53*1.38 -> 0.38182629 | AM53: 0 | AN53: 0
B54: =C53+1 -> 45793 | C54: =B54+6 -> 45799 | D54: 25년 5월 3주차 | E54: =SUMIFS('전체 일별'!$BA:$BA,'전체 일별'!$B:$B,">="&$B54,'전체 일별'!$B:$B,"<="&$C54) -> 101501036 | F54: =SUMIFS('전체 일별'!$L:$L,'전체 일별'!$B:$B,">="&$B54,'전체 일별'!$B:$B,"<="&$C54) -> 18402395 | G54: =(SUMIFS('전체 일별'!$C:$C,'전체 일별'!$B:$B,">="&$B54,'전체 일별'!$B:$B,"<="&$C54))/AB54/($AL54/$AK54) -> 37593.585 | H54: =(SUMIFS('전체 일별'!$D:$D,'전체 일별'!$B:$B,">="&$B54,'전체 일별'!$B:$B,"<="&$C54))/AC54/($AL54/$AK54) -> 9331.4924 | I54: =IFERROR((SUMIFS('전체 일별'!$E:$E,'전체 일별'!$B:$B,">="&$B54,'전체 일별'!$B:$B,"<="&$C54))/AE54,0)/($AL54/$AK54) -> 0 | J54: =(SUMIFS('전체 일별'!$F:$F,'전체 일별'!$B:$B,">="&$B54,'전체 일별'!$B:$B,"<="&$C54))/AD54/($AL54/$AK54) -> 36842.98 | M54: =IFERROR((SUMIFS('전체 일별'!$H:$H,'전체 일별'!$B:$B,">="&$B54,'전체 일별'!$B:$B,"<="&$C54))/AH54,0)/($AL54/$AK54) -> 0 | N54: =SUMIFS('전체 일별'!$AQ:$AQ,'전체 일별'!$B:$B,">="&$B54,'전체 일별'!$B:$B,"<="&$C54) -> 3511 | O54: =SUMIFS('전체 일별'!$AR:$AR,'전체 일별'!$B:$B,">="&$B54,'전체 일별'!$B:$B,"<="&$C54) -> 3148 | P54: =SUMIFS('전체 일별'!$AJ:$AJ,'전체 일별'!$B:$B,">="&$B54,'전체 일별'!$B:$B,"<="&$C54) -> 1433 | Q54: =SUMIFS('전체 일별'!$Z:$Z,'전체 일별'!$B:$B,">="&$B54,'전체 일별'!$B:$B,"<="&$C54) -> 1094 | R54: =SUMIFS('전체 일별'!$AL:$AL,'전체 일별'!$B:$B,">="&$B54,'전체 일별'!$B:$B,"<="&$C54) -> 10370 | S54: =SUMIFS('전체 일별'!$AO:$AO,'전체 일별'!$B:$B,">="&$B54,'전체 일별'!$B:$B,"<="&$C54) -> 9694 | T54: =SUMIFS('전체 일별'!$AP:$AP,'전체 일별'!$B:$B,">="&$B54,'전체 일별'!$B:$B,"<="&$C54) -> 282 | U54: =F54/Q54 -> 16821.202 | V54: =F54/SUM(AB54:AH54)/(AL54/AK54) -> 34908.557 | W54: =O54/N54 -> 0.89661065 | X54: =Q54/O54 -> 0.34752224 | Y54: =T54/(S54+T54) -> 0.028267843 | Z54: =E54/S54 -> 10470.501 | AA54: =SUMIFS('전체 일별'!$BJ:$BJ,'전체 일별'!$B:$B,">="&$B54,'전체 일별'!$B:$B,"<="&$C54) -> 72 | AB54: 265 | AC54: 37 | AD54: 80 | AE54: 0 | AH54: 0 | AI54: =AJ54-6 -> 45785 | AJ54: =C54-8 -> 45791 | AK54: =AVERAGEIFS('전체 일별'!$BG:$BG,'전체 일별'!$B:$B,">="&$AI54,'전체 일별'!$B:$B,"<="&$AJ54) -> 0.25975714 | AL54: =AK54*1.38 -> 0.35846486 | AM54: 0 | AN54: 0
... B58: =C57+1 -> 45821 | C58: =B58+6 -> 45827 | D58: 25년 6월 3주차 | E58: =SUMIFS('전체 일별'!$BA:$BA,'전체 일별'!$B:$B,">="&$B58,'전체 일별'!$B:$B,"<="&$C58) -> 124214773 | F58: =SUMIFS('전체 일별'!$L:$L,'전체 일별'!$B:$B,">="&$B58,'전체 일별'!$B:$B,"<="&$C58) -> 23274214 | G58: =(SUMIFS('전체 일별'!$C:$C,'전체 일별'!$B:$B,">="&$B58,'전체 일별'!$B:$B,"<="&$C58))/AB58/($AL58/$AK58) -> 54805.786 | H58: =(SUMIFS('전체 일별'!$D:$D,'전체 일별'!$B:$B,">="&$B58,'전체 일별'!$B:$B,"<="&$C58))/AC58/($AL58/$AK58) -> 7259.7161 | I58: =IFERROR((SUMIFS('전체 일별'!$E:$E,'전체 일별'!$B:$B,">="&$B58,'전체 일별'!$B:$B,"<="&$C58))/AE58,0)/($AL58/$AK58) -> 0 | J58: =(SUMIFS('전체 일별'!$F:$F,'전체 일별'!$B:$B,">="&$B58,'전체 일별'!$B:$B,"<="&$C58))/AD58/($AL58/$AK58) -> 33500.196 | M58: =IFERROR((SUMIFS('전체 일별'!$H:$H,'전체 일별'!$B:$B,">="&$B58,'전체 일별'!$B:$B,"<="&$C58))/AH58,0)/($AL58/$AK58) -> 0 | N58: =SUMIFS('전체 일별'!$AQ:$AQ,'전체 일별'!$B:$B,">="&$B58,'전체 일별'!$B:$B,"<="&$C58) -> 3798 | O58: =SUMIFS('전체 일별'!$AR:$AR,'전체 일별'!$B:$B,">="&$B58,'전체 일별'!$B:$B,"<="&$C58) -> 3377 | P58: =SUMIFS('전체 일별'!$AJ:$AJ,'전체 일별'!$B:$B,">="&$B58,'전체 일별'!$B:$B,"<="&$C58) -> 1720 | Q58: =SUMIFS('전체 일별'!$Z:$Z,'전체 일별'!$B:$B,">="&$B58,'전체 일별'!$B:$B,"<="&$C58) -> 1206 | R58: =SUMIFS('전체 일별'!$AL:$AL,'전체 일별'!$B:$B,">="&$B58,'전체 일별'!$B:$B,"<="&$C58) -> 14542 | S58: =SUMIFS('전체 일별'!$AO:$AO,'전체 일별'!$B:$B,">="&$B58,'전체 일별'!$B:$B,"<="&$C58) -> 11685 | T58: =SUMIFS('전체 일별'!$AP:$AP,'전체 일별'!$B:$B,">="&$B58,'전체 일별'!$B:$B,"<="&$C58) -> 341 | U58: =F58/Q58 -> 19298.685 | V58: =F58/SUM(AB58:AH58)/(AL58/AK58) -> 43023.909 | W58: =O58/N58 -> 0.88915219 | X58: =Q58/O58 -> 0.35712171 | Y58: =T58/(S58+T58) -> 0.02835523 | Z58: =E58/S58 -> 10630.276 | AA58: =SUMIFS('전체 일별'!$BJ:$BJ,'전체 일별'!$B:$B,">="&$B58,'전체 일별'!$B:$B,"<="&$C58) -> 78 | AB58: 199 | AC58: 49 | AD58: 144 | AE58: 0 | AH58: 0 | AI58: =AJ58-6 -> 45813 | AJ58: =C58-8 -> 45819 | AK58: =AVERAGEIFS('전체 일별'!$BG:$BG,'전체 일별'!$B:$B,">="&$AI58,'전체 일별'!$B:$B,"<="&$AJ58) -> 0.2447 | AL58: =AK58*1.38 -> 0.337686 | AM58: 0 | AN58: 0
B59: =C58+1 -> 45828 | C59: =B59+6 -> 45834 | D59: 25년 6월 4주차 | E59: =SUMIFS('전체 일별'!$BA:$BA,'전체 일별'!$B:$B,">="&$B59,'전체 일별'!$B:$B,"<="&$C59) -> 133003223 | F59: =SUMIFS('전체 일별'!$L:$L,'전체 일별'!$B:$B,">="&$B59,'전체 일별'!$B:$B,"<="&$C59) -> 23249697 | G59: =(SUMIFS('전체 일별'!$C:$C,'전체 일별'!$B:$B,">="&$B59,'전체 일별'!$B:$B,"<="&$C59))/AB59/($AL59/$AK59) -> 26975.25 | H59: =(SUMIFS('전체 일별'!$D:$D,'전체 일별'!$B:$B,">="&$B59,'전체 일별'!$B:$B,"<="&$C59))/AC59/($AL59/$AK59) -> 2682.6359 | I59: =IFERROR((SUMIFS('전체 일별'!$E:$E,'전체 일별'!$B:$B,">="&$B59,'전체 일별'!$B:$B,"<="&$C59))/AE59,0)/($AL59/$AK59) -> 0 | J59: =IFERROR((SUMIFS('전체 일별'!$F:$F,'전체 일별'!$B:$B,">="&$B59,'전체 일별'!$B:$B,"<="&$C59))/AD59/($AL59/$AK59),0) -> 17528.258 | K59: =IFERROR((SUMIFS('전체 일별'!$F:$F,'전체 일별'!$B:$B,">="&$B59,'전체 일별'!$B:$B,"<="&$C59))/AF59/($AL59/$AK59),0) -> 0 | L59: =IFERROR((SUMIFS('전체 일별'!$F:$F,'전체 일별'!$B:$B,">="&$B59,'전체 일별'!$B:$B,"<="&$C59))/AG59/($AL59/$AK59),0) -> 0 | M59: =IFERROR((SUMIFS('전체 일별'!$H:$H,'전체 일별'!$B:$B,">="&$B59,'전체 일별'!$B:$B,"<="&$C59))/AH59,0)/($AL59/$AK59) -> 0 | N59: =SUMIFS('전체 일별'!$AQ:$AQ,'전체 일별'!$B:$B,">="&$B59,'전체 일별'!$B:$B,"<="&$C59) -> 4160 | O59: =SUMIFS('전체 일별'!$AR:$AR,'전체 일별'!$B:$B,">="&$B59,'전체 일별'!$B:$B,"<="&$C59) -> 3592 | P59: =SUMIFS('전체 일별'!$AJ:$AJ,'전체 일별'!$B:$B,">="&$B59,'전체 일별'!$B:$B,"<="&$C59) -> 1793 | Q59: =SUMIFS('전체 일별'!$Z:$Z,'전체 일별'!$B:$B,">="&$B59,'전체 일별'!$B:$B,"<="&$C59) -> 1378 | R59: =SUMIFS('전체 일별'!$AL:$AL,'전체 일별'!$B:$B,">="&$B59,'전체 일별'!$B:$B,"<="&$C59) -> 15298 | S59: =SUMIFS('전체 일별'!$AO:$AO,'전체 일별'!$B:$B,">="&$B59,'전체 일별'!$B:$B,"<="&$C59) -> 12253 | T59: =SUMIFS('전체 일별'!$AP:$AP,'전체 일별'!$B:$B,">="&$B59,'전체 일별'!$B:$B,"<="&$C59) -> 351 | U59: =F59/Q59 -> 16872.059 | V59: =F59/SUM(AB59:AH59)/(AL59/AK59) -> 21738.847 | W59: =O59/N59 -> 0.86346154 | X59: =Q59/O59 -> 0.38363029 | Y59: =T59/(S59+T59) -> 0.027848302 | Z59: =E59/S59 -> 10854.748 | AA59: =SUMIFS('전체 일별'!$BJ:$BJ,'전체 일별'!$B:$B,">="&$B59,'전체 일별'!$B:$B,"<="&$C59) -> 91 | AB59: 355 | AC59: 133 | AD59: 287 | AE59: 0 | AH59: 0 | AI59: =AJ59-6 -> 45820 | AJ59: =C59-8 -> 45826 | AK59: =AVERAGEIFS('전체 일별'!$BG:$BG,'전체 일별'!$B:$B,">="&$AI59,'전체 일별'!$B:$B,"<="&$AJ59) -> 0.27327143 | AL59: =AK59*1.38 -> 0.37711457 | AM59: 0 | AN59: 0
B60: =C59+1 -> 45835 | C60: =B60+6 -> 45841 | D60: 25년 6월 5주차 | E60: =SUMIFS('전체 일별'!$BA:$BA,'전체 일별'!$B:$B,">="&$B60,'전체 일별'!$B:$B,"<="&$C60) -> 143896106 | F60: =SUMIFS('전체 일별'!$L:$L,'전체 일별'!$B:$B,">="&$B60,'전체 일별'!$B:$B,"<="&$C60) -> 33570189 | G60: =(SUMIFS('전체 일별'!$C:$C,'전체 일별'!$B:$B,">="&$B60,'전체 일별'!$B:$B,"<="&$C60))/AB60/($AL60/$AK60) -> 27897.542 | H60: =(SUMIFS('전체 일별'!$D:$D,'전체 일별'!$B:$B,">="&$B60,'전체 일별'!$B:$B,"<="&$C60))/AC60/($AL60/$AK60) -> 3353.3264 | I60: =IFERROR((SUMIFS('전체 일별'!$E:$E,'전체 일별'!$B:$B,">="&$B60,'전체 일별'!$B:$B,"<="&$C60))/AE60,0)/($AL60/$AK60) -> 0 | J60: =IFERROR((SUMIFS('전체 일별'!$F:$F,'전체 일별'!$B:$B,">="&$B60,'전체 일별'!$B:$B,"<="&$C60))/AD60/($AL60/$AK60),0) -> 27306.895 | K60: =IFERROR((SUMIFS('전체 일별'!$F:$F,'전체 일별'!$B:$B,">="&$B60,'전체 일별'!$B:$B,"<="&$C60))/AF60/($AL60/$AK60),0) -> 0 | L60: =IFERROR((SUMIFS('전체 일별'!$J:$J,'전체 일별'!$B:$B,">="&$B60,'전체 일별'!$B:$B,"<="&$C60))/AG60/($AL60/$AK60),0) -> 24965.58 | M60: =IFERROR((SUMIFS('전체 일별'!$H:$H,'전체 일별'!$B:$B,">="&$B60,'전체 일별'!$B:$B,"<="&$C60))/AH60,0)/($AL60/$AK60) -> 0 | N60: =SUMIFS('전체 일별'!$AQ:$AQ,'전체 일별'!$B:$B,">="&$B60,'전체 일별'!$B:$B,"<="&$C60) -> 6736 | O60: =SUMIFS('전체 일별'!$AR:$AR,'전체 일별'!$B:$B,">="&$B60,'전체 일별'!$B:$B,"<="&$C60) -> 5627 | P60: =SUMIFS('전체 일별'!$AJ:$AJ,'전체 일별'!$B:$B,">="&$B60,'전체 일별'!$B:$B,"<="&$C60) -> 2124 | Q60: =SUMIFS('전체 일별'!$Z:$Z,'전체 일별'!$B:$B,">="&$B60,'전체 일별'!$B:$B,"<="&$C60) -> 1903 | R60: =SUMIFS('전체 일별'!$AL:$AL,'전체 일별'!$B:$B,">="&$B60,'전체 일별'!$B:$B,"<="&$C60) -> 17577 | S60: =SUMIFS('전체 일별'!$AO:$AO,'전체 일별'!$B:$B,">="&$B60,'전체 일별'!$B:$B,"<="&$C60) -> 13312 | T60: =SUMIFS('전체 일별'!$AP:$AP,'전체 일별'!$B:$B,">="&$B60,'전체 일별'!$B:$B,"<="&$C60) -> 392 | U60: =F60/Q60 -> 17640.667 | V60: =F60/SUM(AB60:AH60)/(AL60/AK60) -> 27769.662 | W60: =O60/N60 -> 0.83536223 | X60: =Q60/O60 -> 0.33819087 | Y60: =T60/(S60+T60) -> 0.028604787 | Z60: =E60/S60 -> 10809.503 | AA60: =SUMIFS('전체 일별'!$BJ:$BJ,'전체 일별'!$B:$B,">="&$B60,'전체 일별'!$B:$B,"<="&$C60) -> 134 | AB60: 408 | AC60: 105 | AD60: 359 | AE60: 0 | AG60: 4 | AH60: 0 | AI60: =AJ60-6 -> 45827 | AJ60: =C60-8 -> 45833 | AK60: =AVERAGEIFS('전체 일별'!$BG:$BG,'전체 일별'!$B:$B,">="&$AI60,'전체 일별'!$B:$B,"<="&$AJ60) -> 0.28705714 | AL60: =AK60*1.38 -> 0.39613886 | AM60: 0 | AN60: 0
B61: =C60+1 -> 45842 | C61: =B61+6 -> 45848 | D61: 25년 7월 1주차 | E61: =SUMIFS('전체 일별'!$BA:$BA,'전체 일별'!$B:$B,">="&$B61,'전체 일별'!$B:$B,"<="&$C61) -> 152961594 | F61: =SUMIFS('전체 일별'!$L:$L,'전체 일별'!$B:$B,">="&$B61,'전체 일별'!$B:$B,"<="&$C61) -> 40233827 | G61: =(SUMIFS('전체 일별'!$C:$C,'전체 일별'!$B:$B,">="&$B61,'전체 일별'!$B:$B,"<="&$C61))/AB61/($AL61/$AK61) -> 31226.122 | H61: =(SUMIFS('전체 일별'!$D:$D,'전체 일별'!$B:$B,">="&$B61,'전체 일별'!$B:$B,"<="&$C61))/AC61/($AL61/$AK61) -> 3584.6845 | I61: =IFERROR((SUMIFS('전체 일별'!$E:$E,'전체 일별'!$B:$B,">="&$B61,'전체 일별'!$B:$B,"<="&$C61))/AE61,0)/($AL61/$AK61) -> 0 | J61: =IFERROR((SUMIFS('전체 일별'!$F:$F,'전체 일별'!$B:$B,">="&$B61,'전체 일별'!$B:$B,"<="&$C61))/AD61/($AL61/$AK61),0) -> 28888.455 | K61: =IFERROR((SUMIFS('전체 일별'!$F:$F,'전체 일별'!$B:$B,">="&$B61,'전체 일별'!$B:$B,"<="&$C61))/AF61/($AL61/$AK61),0) -> 0 | L61: =IFERROR((SUMIFS('전체 일별'!$J:$J,'전체 일별'!$B:$B,">="&$B61,'전체 일별'!$B:$B,"<="&$C61))/AG61/($AL61/$AK61),0) -> 25698.551 | M61: =IFERROR((SUMIFS('전체 일별'!$H:$H,'전체 일별'!$B:$B,">="&$B61,'전체 일별'!$B:$B,"<="&$C61))/AH61,0)/($AL61/$AK61) -> 0 | N61: =SUMIFS('전체 일별'!$AQ:$AQ,'전체 일별'!$B:$B,">="&$B61,'전체 일별'!$B:$B,"<="&$C61) -> 6471 | O61: =SUMIFS('전체 일별'!$AR:$AR,'전체 일별'!$B:$B,">="&$B61,'전체 일별'!$B:$B,"<="&$C61) -> 5630 | P61: =SUMIFS('전체 일별'!$AJ:$AJ,'전체 일별'!$B:$B,">="&$B61,'전체 일별'!$B:$B,"<="&$C61) -> 2345 | Q61: =SUMIFS('전체 일별'!$Z:$Z,'전체 일별'!$B:$B,">="&$B61,'전체 일별'!$B:$B,"<="&$C61) -> 1842 | R61: =SUMIFS('전체 일별'!$AL:$AL,'전체 일별'!$B:$B,">="&$B61,'전체 일별'!$B:$B,"<="&$C61) -> 18272 | S61: =SUMIFS('전체 일별'!$AO:$AO,'전체 일별'!$B:$B,">="&$B61,'전체 일별'!$B:$B,"<="&$C61) -> 13870 | T61: =SUMIFS('전체 일별'!$AP:$AP,'전체 일별'!$B:$B,">="&$B61,'전체 일별'!$B:$B,"<="&$C61) -> 414 | U61: =F61/Q61 -> 21842.469 | V61: =F61/SUM(AB61:AH61)/(AL61/AK61) -> 31416.969 | W61: =O61/N61 -> 0.87003554 | X61: =Q61/O61 -> 0.32717584 | Y61: =T61/(S61+T61) -> 0.028983478 | Z61: =E61/S61 -> 11028.233 | AA61: =SUMIFS('전체 일별'!$BJ:$BJ,'전체 일별'!$B:$B,">="&$B61,'전체 일별'!$B:$B,"<="&$C61) -> 158 | AB61: 432 | AC61: 96 | AD61: 397 | AE61: 0 | AF61: 0 | AG61: 3 | AH61: 0 | AI61: =AJ61-6 -> 45834 | AJ61: =C61-8 -> 45840 | AK61: =AVERAGEIFS('전체 일별'!$BG:$BG,'전체 일별'!$B:$B,">="&$AI61,'전체 일별'!$B:$B,"<="&$AJ61) -> 0.25934286 | AL61: =AK61*1.38 -> 0.35789314 | AM61: 0 | AN61: 0
B62: =C61+1 -> 45849 | C62: =B62+6 -> 45855 | D62: 25년 7월 2주차 | E62: =SUMIFS('전체 일별'!$BA:$BA,'전체 일별'!$B:$B,">="&$B62,'전체 일별'!$B:$B,"<="&$C62) -> 150495039 | F62: =SUMIFS('전체 일별'!$L:$L,'전체 일별'!$B:$B,">="&$B62,'전체 일별'!$B:$B,"<="&$C62) -> 39251280 | G62: =(SUMIFS('전체 일별'!$C:$C,'전체 일별'!$B:$B,">="&$B62,'전체 일별'!$B:$B,"<="&$C62))/AB62/($AL62/$AK62) -> 32948.017 | H62: =(SUMIFS('전체 일별'!$D:$D,'전체 일별'!$B:$B,">="&$B62,'전체 일별'!$B:$B,"<="&$C62))/AC62/($AL62/$AK62) -> 3019.9539 | I62: =IFERROR((SUMIFS('전체 일별'!$E:$E,'전체 일별'!$B:$B,">="&$B62,'전체 일별'!$B:$B,"<="&$C62))/AE62,0)/($AL62/$AK62) -> 0 | J62: =IFERROR((SUMIFS('전체 일별'!$F:$F,'전체 일별'!$B:$B,">="&$B62,'전체 일별'!$B:$B,"<="&$C62))/AD62/($AL62/$AK62),0) -> 35100.727 | K62: =IFERROR((SUMIFS('전체 일별'!$I:$I,'전체 일별'!$B:$B,">="&$B62,'전체 일별'!$B:$B,"<="&$C62))/AF62/($AL62/$AK62),0) -> 330105.8 | L62: =IFERROR((SUMIFS('전체 일별'!$J:$J,'전체 일별'!$B:$B,">="&$B62,'전체 일별'!$B:$B,"<="&$C62))/AG62/($AL62/$AK62),0) -> 0 | M62: =IFERROR((SUMIFS('전체 일별'!$H:$H,'전체 일별'!$B:$B,">="&$B62,'전체 일별'!$B:$B,"<="&$C62))/AH62,0)/($AL62/$AK62) -> 0 | N62: =SUMIFS('전체 일별'!$AQ:$AQ,'전체 일별'!$B:$B,">="&$B62,'전체 일별'!$B:$B,"<="&$C62) -> 5837 | O62: =SUMIFS('전체 일별'!$AR:$AR,'전체 일별'!$B:$B,">="&$B62,'전체 일별'!$B:$B,"<="&$C62) -> 5103 | P62: =SUMIFS('전체 일별'!$AJ:$AJ,'전체 일별'!$B:$B,">="&$B62,'전체 일별'!$B:$B,"<="&$C62) -> 2262 | Q62: =SUMIFS('전체 일별'!$Z:$Z,'전체 일별'!$B:$B,">="&$B62,'전체 일별'!$B:$B,"<="&$C62) -> 1792 | R62: =SUMIFS('전체 일별'!$AL:$AL,'전체 일별'!$B:$B,">="&$B62,'전체 일별'!$B:$B,"<="&$C62) -> 17894 | S62: =SUMIFS('전체 일별'!$AO:$AO,'전체 일별'!$B:$B,">="&$B62,'전체 일별'!$B:$B,"<="&$C62) -> 13894 | T62: =SUMIFS('전체 일별'!$AP:$AP,'전체 일별'!$B:$B,">="&$B62,'전체 일별'!$B:$B,"<="&$C62) -> 401 | U62: =F62/Q62 -> 21903.616 | V62: =F62/SUM(AB62:AH62)/(AL62/AK62) -> 34434.572 | W62: =O62/N62 -> 0.87425047 | X62: =Q62/O62 -> 0.35116598 | Y62: =T62/(S62+T62) -> 0.028051766 | Z62: =E62/S62 -> 10831.657 | AA62: =SUMIFS('전체 일별'!$BJ:$BJ,'전체 일별'!$B:$B,">="&$B62,'전체 일별'!$B:$B,"<="&$C62) -> 129 | AB62: 411 | AC62: 110 | AD62: 300 | AE62: 0 | AF62: 5 | AG62: 0 | AH62: 0 | AI62: =AJ62-6 -> 45841 | AJ62: =C62-8 -> 45847 | AK62: =AVERAGEIFS('전체 일별'!$BG:$BG,'전체 일별'!$B:$B,">="&$AI62,'전체 일별'!$B:$B,"<="&$AJ62) -> 0.24291429 | AL62: =AK62*1.38 -> 0.33522171 | AM62: 0 | AN62: 0
B63: =C62+1 -> 45856 | C63: =B63+6 -> 45862 | D63: 25년 7월 3주차 | E63: =SUMIFS('전체 일별'!$BA:$BA,'전체 일별'!$B:$B,">="&$B63,'전체 일별'!$B:$B,"<="&$C63) -> 161001956 | F63: =SUMIFS('전체 일별'!$L:$L,'전체 일별'!$B:$B,">="&$B63,'전체 일별'!$B:$B,"<="&$C63) -> 37985791 | G63: =(SUMIFS('전체 일별'!$C:$C,'전체 일별'!$B:$B,">="&$B63,'전체 일별'!$B:$B,"<="&$C63))/AB63/($AL63/$AK63) -> 26956.031 | H63: =(SUMIFS('전체 일별'!$D:$D,'전체 일별'!$B:$B,">="&$B63,'전체 일별'!$B:$B,"<="&$C63))/AC63/($AL63/$AK63) -> 2633.7226 | I63: =IFERROR((SUMIFS('전체 일별'!$E:$E,'전체 일별'!$B:$B,">="&$B63,'전체 일별'!$B:$B,"<="&$C63))/AE63,0)/($AL63/$AK63) -> 0 | J63: =IFERROR((SUMIFS('전체 일별'!$F:$F,'전체 일별'!$B:$B,">="&$B63,'전체 일별'!$B:$B,"<="&$C63))/AD63/($AL63/$AK63),0) -> 38023.487 | K63: =IFERROR((SUMIFS('전체 일별'!$I:$I,'전체 일별'!$B:$B,">="&$B63,'전체 일별'!$B:$B,"<="&$C63))/AF63/($AL63/$AK63),0) -> 628817.39 | L63: =IFERROR((SUMIFS('전체 일별'!$J:$J,'전체 일별'!$B:$B,">="&$B63,'전체 일별'!$B:$B,"<="&$C63))/AG63/($AL63/$AK63),0) -> 46112.319 | M63: =IFERROR((SUMIFS('전체 일별'!$H:$H,'전체 일별'!$B:$B,">="&$B63,'전체 일별'!$B:$B,"<="&$C63))/AH63,0)/($AL63/$AK63) -> 0 | N63: =SUMIFS('전체 일별'!$AQ:$AQ,'전체 일별'!$B:$B,">="&$B63,'전체 일별'!$B:$B,"<="&$C63) -> 5390 | O63: =SUMIFS('전체 일별'!$AR:$AR,'전체 일별'!$B:$B,">="&$B63,'전체 일별'!$B:$B,"<="&$C63) -> 4840 | P63: =SUMIFS('전체 일별'!$AJ:$AJ,'전체 일별'!$B:$B,">="&$B63,'전체 일별'!$B:$B,"<="&$C63) -> 2399 | Q63: =SUMIFS('전체 일별'!$Z:$Z,'전체 일별'!$B:$B,">="&$B63,'전체 일별'!$B:$B,"<="&$C63) -> 1930 | R63: =SUMIFS('전체 일별'!$AL:$AL,'전체 일별'!$B:$B,">="&$B63,'전체 일별'!$B:$B,"<="&$C63) -> 18680 | S63: =SUMIFS('전체 일별'!$AO:$AO,'전체 일별'!$B:$B,">="&$B63,'전체 일별'!$B:$B,"<="&$C63) -> 14762 | T63: =SUMIFS('전체 일별'!$AP:$AP,'전체 일별'!$B:$B,">="&$B63,'전체 일별'!$B:$B,"<="&$C63) -> 395 | U63: =F63/Q63 -> 19681.757 | V63: =F63/SUM(AB63:AH63)/(AL63/AK63) -> 30720.91 | W63: =O63/N63 -> 0.89795918 | X63: =Q63/O63 -> 0.39876033 | Y63: =T63/(S63+T63) -> 0.026060566 | Z63: =E63/S63 -> 10906.514 | AA63: =SUMIFS('전체 일별'!$BJ:$BJ,'전체 일별'!$B:$B,">="&$B63,'전체 일별'!$B:$B,"<="&$C63) -> 132 | AB63: 487 | AC63: 121 | AD63: 284 | AE63: 0 | AF63: 3 | AG63: 1 | AH63: 0 | AI63: =AJ63-6 -> 45848 | AJ63: =C63-8 -> 45854 | AK63: =AVERAGEIFS('전체 일별'!$BG:$BG,'전체 일별'!$B:$B,">="&$AI63,'전체 일별'!$B:$B,"<="&$AJ63) -> 0.26287143 | AL63: =AK63*1.38 -> 0.36276257 | AM63: 0 | AN63: 0
B64: =C63+1 -> 45863 | C64: =B64+6 -> 45869 | D64: 25년 7월 4주차 | E64: =SUMIFS('전체 일별'!$BA:$BA,'전체 일별'!$B:$B,">="&$B64,'전체 일별'!$B:$B,"<="&$C64) -> 174776535 | F64: =SUMIFS('전체 일별'!$L:$L,'전체 일별'!$B:$B,">="&$B64,'전체 일별'!$B:$B,"<="&$C64) -> 34105169 | G64: =(SUMIFS('전체 일별'!$C:$C,'전체 일별'!$B:$B,">="&$B64,'전체 일별'!$B:$B,"<="&$C64))/AB64/($AL64/$AK64) -> 29687.194 | H64: =(SUMIFS('전체 일별'!$D:$D,'전체 일별'!$B:$B,">="&$B64,'전체 일별'!$B:$B,"<="&$C64))/AC64/($AL64/$AK64) -> 2537.1182 | I64: =IFERROR((SUMIFS('전체 일별'!$E:$E,'전체 일별'!$B:$B,">="&$B64,'전체 일별'!$B:$B,"<="&$C64))/AE64,0)/($AL64/$AK64) -> 0 | J64: =IFERROR((SUMIFS('전체 일별'!$F:$F,'전체 일별'!$B:$B,">="&$B64,'전체 일별'!$B:$B,"<="&$C64))/AD64/($AL64/$AK64),0) -> 38398.577 | K64: =IFERROR((SUMIFS('전체 일별'!$I:$I,'전체 일별'!$B:$B,">="&$B64,'전체 일별'!$B:$B,"<="&$C64))/AF64/($AL64/$AK64),0) -> 71737.681 | L64: =IFERROR((SUMIFS('전체 일별'!$J:$J,'전체 일별'!$B:$B,">="&$B64,'전체 일별'!$B:$B,"<="&$C64))/AG64/($AL64/$AK64),0) -> 0 | M64: =IFERROR((SUMIFS('전체 일별'!$H:$H,'전체 일별'!$B:$B,">="&$B64,'전체 일별'!$B:$B,"<="&$C64))/AH64,0)/($AL64/$AK64) -> 0 | N64: =SUMIFS('전체 일별'!$AQ:$AQ,'전체 일별'!$B:$B,">="&$B64,'전체 일별'!$B:$B,"<="&$C64) -> 5327 | O64: =SUMIFS('전체 일별'!$AR:$AR,'전체 일별'!$B:$B,">="&$B64,'전체 일별'!$B:$B,"<="&$C64) -> 4707 | P64: =SUMIFS('전체 일별'!$AJ:$AJ,'전체 일별'!$B:$B,">="&$B64,'전체 일별'!$B:$B,"<="&$C64) -> 2417 | Q64: =SUMIFS('전체 일별'!$Z:$Z,'전체 일별'!$B:$B,">="&$B64,'전체 일별'!$B:$B,"<="&$C64) -> 1759 | R64: =SUMIFS('전체 일별'!$AL:$AL,'전체 일별'!$B:$B,">="&$B64,'전체 일별'!$B:$B,"<="&$C64) -> 19385 | S64: =SUMIFS('전체 일별'!$AO:$AO,'전체 일별'!$B:$B,">="&$B64,'전체 일별'!$B:$B,"<="&$C64) -> 15582 | T64: =SUMIFS('전체 일별'!$AP:$AP,'전체 일별'!$B:$B,">="&$B64,'전체 일별'!$B:$B,"<="&$C64) -> 462 | U64: =F64/Q64 -> 19388.953 | V64: =F64/SUM(AB64:AH64)/(AL64/AK64) -> 29421.298 | W64: =O64/N64 -> 0.88361179 | X64: =Q64/O64 -> 0.37369875 | Y64: =T64/(S64+T64) -> 0.028795812 | Z64: =E64/S64 -> 11216.566 | AA64: =SUMIFS('전체 일별'!$BJ:$BJ,'전체 일별'!$B:$B,">="&$B64,'전체 일별'!$B:$B,"<="&$C64) -> 148 | AB64: 486 | AC64: 130 | AD64: 223 | AE64: 0 | AF64: 1 | AG64: 0 | AH64: 0 | AI64: =AJ64-6 -> 45855 | AJ64: =C64-8 -> 45861 | AK64: =AVERAGEIFS('전체 일별'!$BG:$BG,'전체 일별'!$B:$B,">="&$AI64,'전체 일별'!$B:$B,"<="&$AJ64) -> 0.2973 | AL64: =AK64*1.38 -> 0.410274 | AM64: 0 | AN64: 0
B65: =C64+1 -> 45870 | C65: =B65+6 -> 45876 | D65: 25년 8월 1주차 | E65: =SUMIFS('전체 일별'!$BA:$BA,'전체 일별'!$B:$B,">="&$B65,'전체 일별'!$B:$B,"<="&$C65) -> 168598173 | F65: =SUMIFS('전체 일별'!$L:$L,'전체 일별'!$B:$B,">="&$B65,'전체 일별'!$B:$B,"<="&$C65) -> 32574511 | G65: =(SUMIFS('전체 일별'!$C:$C,'전체 일별'!$B:$B,">="&$B65,'전체 일별'!$B:$B,"<="&$C65))/AB65/($AL65/$AK65) -> 31906.501 | H65: =(SUMIFS('전체 일별'!$D:$D,'전체 일별'!$B:$B,">="&$B65,'전체 일별'!$B:$B,"<="&$C65))/AC65/($AL65/$AK65) -> 2404.1979 | I65: =IFERROR((SUMIFS('전체 일별'!$E:$E,'전체 일별'!$B:$B,">="&$B65,'전체 일별'!$B:$B,"<="&$C65))/AE65,0)/($AL65/$AK65) -> 0 | J65: =IFERROR((SUMIFS('전체 일별'!$F:$F,'전체 일별'!$B:$B,">="&$B65,'전체 일별'!$B:$B,"<="&$C65))/AD65/($AL65/$AK65),0) -> 45221.981 | K65: =IFERROR((SUMIFS('전체 일별'!$I:$I,'전체 일별'!$B:$B,">="&$B65,'전체 일별'!$B:$B,"<="&$C65))/AF65/($AL65/$AK65),0) -> 0 | L65: =IFERROR((SUMIFS('전체 일별'!$J:$J,'전체 일별'!$B:$B,">="&$B65,'전체 일별'!$B:$B,"<="&$C65))/AG65/($AL65/$AK65),0) -> 0 | M65: =IFERROR((SUMIFS('전체 일별'!$H:$H,'전체 일별'!$B:$B,">="&$B65,'전체 일별'!$B:$B,"<="&$C65))/AH65,0)/($AL65/$AK65) -> 0 | N65: =SUMIFS('전체 일별'!$AQ:$AQ,'전체 일별'!$B:$B,">="&$B65,'전체 일별'!$B:$B,"<="&$C65) -> 5394 | O65: =SUMIFS('전체 일별'!$AR:$AR,'전체 일별'!$B:$B,">="&$B65,'전체 일별'!$B:$B,"<="&$C65) -> 4818 | P65: =SUMIFS('전체 일별'!$AJ:$AJ,'전체 일별'!$B:$B,">="&$B65,'전체 일별'!$B:$B,"<="&$C65) -> 2237 | Q65: =SUMIFS('전체 일별'!$Z:$Z,'전체 일별'!$B:$B,">="&$B65,'전체 일별'!$B:$B,"<="&$C65) -> 1723 | R65: =SUMIFS('전체 일별'!$AL:$AL,'전체 일별'!$B:$B,">="&$B65,'전체 일별'!$B:$B,"<="&$C65) -> 19451 | S65: =SUMIFS('전체 일별'!$AO:$AO,'전체 일별'!$B:$B,">="&$B65,'전체 일별'!$B:$B,"<="&$C65) -> 15611 | T65: =SUMIFS('전체 일별'!$AP:$AP,'전체 일별'!$B:$B,">="&$B65,'전체 일별'!$B:$B,"<="&$C65) -> 437 | U65: =F65/Q65 -> 18905.694 | V65: =F65/SUM(AB65:AH65)/(AL65/AK65) -> 33013.592 | W65: =O65/N65 -> 0.89321468 | X65: =Q65/O65 -> 0.35761727 | Y65: =T65/(S65+T65) -> 0.027230808 | Z65: =E65/S65 -> 10799.96 | AA65: =SUMIFS('전체 일별'!$BJ:$BJ,'전체 일별'!$B:$B,">="&$B65,'전체 일별'!$B:$B,"<="&$C65) -> 154 | AB65: 425 | AC65: 116 | AD65: 174 | AE65: 0 | AF65: 0 | AG65: 0 | AH65: 0 | AI65: =AJ65-6 -> 45862 | AJ65: =C65-8 -> 45868 | AK65: =AVERAGEIFS('전체 일별'!$BG:$BG,'전체 일별'!$B:$B,">="&$AI65,'전체 일별'!$B:$B,"<="&$AJ65) -> 0.27257143 | AL65: =AK65*1.38 -> 0.37614857 | AM65: 0 | AN65: 0
B66: =C65+1 -> 45877 | C66: =B66+6 -> 45883 | D66: 25년 8월 2주차 | E66: =SUMIFS('전체 일별'!$BA:$BA,'전체 일별'!$B:$B,">="&$B66,'전체 일별'!$B:$B,"<="&$C66) -> 166904068 | F66: =SUMIFS('전체 일별'!$L:$L,'전체 일별'!$B:$B,">="&$B66,'전체 일별'!$B:$B,"<="&$C66) -> 27148084 | G66: =(SUMIFS('전체 일별'!$C:$C,'전체 일별'!$B:$B,">="&$B66,'전체 일별'!$B:$B,"<="&$C66))/AB66/($AL66/$AK66) -> 36713.093 | H66: =(SUMIFS('전체 일별'!$D:$D,'전체 일별'!$B:$B,">="&$B66,'전체 일별'!$B:$B,"<="&$C66))/AC66/($AL66/$AK66) -> 3175.8152 | I66: =IFERROR((SUMIFS('전체 일별'!$E:$E,'전체 일별'!$B:$B,">="&$B66,'전체 일별'!$B:$B,"<="&$C66))/AE66,0)/($AL66/$AK66) -> 0 | J66: =IFERROR((SUMIFS('전체 일별'!$F:$F,'전체 일별'!$B:$B,">="&$B66,'전체 일별'!$B:$B,"<="&$C66))/AD66/($AL66/$AK66),0) -> 52833.01 | K66: =IFERROR((SUMIFS('전체 일별'!$I:$I,'전체 일별'!$B:$B,">="&$B66,'전체 일별'!$B:$B,"<="&$C66))/AF66/($AL66/$AK66),0) -> 0 | L66: =IFERROR((SUMIFS('전체 일별'!$J:$J,'전체 일별'!$B:$B,">="&$B66,'전체 일별'!$B:$B,"<="&$C66))/AG66/($AL66/$AK66),0) -> 0 | M66: =IFERROR((SUMIFS('전체 일별'!$H:$H,'전체 일별'!$B:$B,">="&$B66,'전체 일별'!$B:$B,"<="&$C66))/AH66,0)/($AL66/$AK66) -> 0 | N66: =SUMIFS('전체 일별'!$AQ:$AQ,'전체 일별'!$B:$B,">="&$B66,'전체 일별'!$B:$B,"<="&$C66) -> 4650 | O66: =SUMIFS('전체 일별'!$AR:$AR,'전체 일별'!$B:$B,">="&$B66,'전체 일별'!$B:$B,"<="&$C66) -> 4112 | P66: =SUMIFS('전체 일별'!$AJ:$AJ,'전체 일별'!$B:$B,">="&$B66,'전체 일별'!$B:$B,"<="&$C66) -> 2097 | Q66: =SUMIFS('전체 일별'!$Z:$Z,'전체 일별'!$B:$B,">="&$B66,'전체 일별'!$B:$B,"<="&$C66) -> 1424 | R66: =SUMIFS('전체 일별'!$AL:$AL,'전체 일별'!$B:$B,">="&$B66,'전체 일별'!$B:$B,"<="&$C66) -> 19090 | S66: =SUMIFS('전체 일별'!$AO:$AO,'전체 일별'!$B:$B,">="&$B66,'전체 일별'!$B:$B,"<="&$C66) -> 15650 | T66: =SUMIFS('전체 일별'!$AP:$AP,'전체 일별'!$B:$B,">="&$B66,'전체 일별'!$B:$B,"<="&$C66) -> 471 | U66: =F66/Q66 -> 19064.666 | V66: =F66/SUM(AB66:AH66)/(AL66/AK66) -> 38725.442 | W66: =O66/N66 -> 0.88430108 | X66: =Q66/O66 -> 0.3463035 | Y66: =T66/(S66+T66) -> 0.02921655 | Z66: =E66/S66 -> 10664.797 | AA66: =SUMIFS('전체 일별'!$BJ:$BJ,'전체 일별'!$B:$B,">="&$B66,'전체 일별'!$B:$B,"<="&$C66) -> 156 | AB66: 290 | AC66: 88 | AD66: 130 | AE66: 0 | AF66: 0 | AG66: 0 | AH66: 0 | AI66: =AJ66-6 -> 45869 | AJ66: =C66-8 -> 45875 | AK66: =AVERAGEIFS('전체 일별'!$BG:$BG,'전체 일별'!$B:$B,">="&$AI66,'전체 일별'!$B:$B,"<="&$AJ66) -> 0.25305714 | AL66: =AK66*1.38 -> 0.34921886 | AM66: 0 | AN66: 0
B67: =C66+1 -> 45884 | C67: =B67+6 -> 45890 | D67: 25년 8월 3주차 | E67: =SUMIFS('전체 일별'!$BA:$BA,'전체 일별'!$B:$B,">="&$B67,'전체 일별'!$B:$B,"<="&$C67) -> 170408289 | F67: =SUMIFS('전체 일별'!$L:$L,'전체 일별'!$B:$B,">="&$B67,'전체 일별'!$B:$B,"<="&$C67) -> 26397376 | G67: =(SUMIFS('전체 일별'!$C:$C,'전체 일별'!$B:$B,">="&$B67,'전체 일별'!$B:$B,"<="&$C67))/AB67/($AL67/$AK67) -> 35733.381 | H67: =(SUMIFS('전체 일별'!$D:$D,'전체 일별'!$B:$B,">="&$B67,'전체 일별'!$B:$B,"<="&$C67))/AC67/($AL67/$AK67) -> 2278.3062 | I67: =IFERROR((SUMIFS('전체 일별'!$E:$E,'전체 일별'!$B:$B,">="&$B67,'전체 일별'!$B:$B,"<="&$C67))/AE67,0)/($AL67/$AK67) -> 0 | J67: =IFERROR((SUMIFS('전체 일별'!$F:$F,'전체 일별'!$B:$B,">="&$B67,'전체 일별'!$B:$B,"<="&$C67))/AD67/($AL67/$AK67),0) -> 28169.238 | K67: =IFERROR((SUMIFS('전체 일별'!$I:$I,'전체 일별'!$B:$B,">="&$B67,'전체 일별'!$B:$B,"<="&$C67))/AF67/($AL67/$AK67),0) -> 0 | L67: =IFERROR((SUMIFS('전체 일별'!$J:$J,'전체 일별'!$B:$B,">="&$B67,'전체 일별'!$B:$B,"<="&$C67))/AG67/($AL67/$AK67),0) -> 72257.246 | M67: =IFERROR((SUMIFS('전체 일별'!$H:$H,'전체 일별'!$B:$B,">="&$B67,'전체 일별'!$B:$B,"<="&$C67))/AH67,0)/($AL67/$AK67) -> 50735.507 | N67: =SUMIFS('전체 일별'!$AQ:$AQ,'전체 일별'!$B:$B,">="&$B67,'전체 일별'!$B:$B,"<="&$C67) -> 5981 | O67: =SUMIFS('전체 일별'!$AR:$AR,'전체 일별'!$B:$B,">="&$B67,'전체 일별'!$B:$B,"<="&$C67) -> 5160 | P67: =SUMIFS('전체 일별'!$AJ:$AJ,'전체 일별'!$B:$B,">="&$B67,'전체 일별'!$B:$B,"<="&$C67) -> 2098 | Q67: =SUMIFS('전체 일별'!$Z:$Z,'전체 일별'!$B:$B,">="&$B67,'전체 일별'!$B:$B,"<="&$C67) -> 1646 | R67: =SUMIFS('전체 일별'!$AL:$AL,'전체 일별'!$B:$B,">="&$B67,'전체 일별'!$B:$B,"<="&$C67) -> 19608 | S67: =SUMIFS('전체 일별'!$AO:$AO,'전체 일별'!$B:$B,">="&$B67,'전체 일별'!$B:$B,"<="&$C67) -> 15836 | T67: =SUMIFS('전체 일별'!$AP:$AP,'전체 일별'!$B:$B,">="&$B67,'전체 일별'!$B:$B,"<="&$C67) -> 468 | U67: =F67/Q67 -> 16037.288 | V67: =F67/SUM(AB67:AH67)/(AL67/AK67) -> 29519.342 | W67: =O67/N67 -> 0.86273198 | X67: =Q67/O67 -> 0.31899225 | Y67: =T67/(S67+T67) -> 0.028704612 | Z67: =E67/S67 -> 10760.816 | AA67: =SUMIFS('전체 일별'!$BJ:$BJ,'전체 일별'!$B:$B,">="&$B67,'전체 일별'!$B:$B,"<="&$C67) -> 195 | AB67: 303 | AC67: 128 | AD67: 215 | AE67: 0 | AF67: 0 | AG67: 1 | AH67: 1 | AI67: =AJ67-6 -> 45876 | AJ67: =C67-8 -> 45882 | AK67: =AVERAGEIFS('전체 일별'!$BG:$BG,'전체 일별'!$B:$B,">="&$AI67,'전체 일별'!$B:$B,"<="&$AJ67) -> 0.25441429 | AL67: =AK67*1.38 -> 0.35109171 | AM67: 0 | AN67: 0
B68: =C67+1 -> 45891 | C68: =B68+6 -> 45897 | D68: 25년 8월 4주차 | E68: =SUMIFS('전체 일별'!$BA:$BA,'전체 일별'!$B:$B,">="&$B68,'전체 일별'!$B:$B,"<="&$C68) -> 172911443 | F68: =SUMIFS('전체 일별'!$L:$L,'전체 일별'!$B:$B,">="&$B68,'전체 일별'!$B:$B,"<="&$C68) -> 31249265 | G68: =(SUMIFS('전체 일별'!$C:$C,'전체 일별'!$B:$B,">="&$B68,'전체 일별'!$B:$B,"<="&$C68))/AB68/($AL68/$AK68) -> 43954.299 | H68: =(SUMIFS('전체 일별'!$D:$D,'전체 일별'!$B:$B,">="&$B68,'전체 일별'!$B:$B,"<="&$C68))/AC68/($AL68/$AK68) -> 3202.4854 | I68: =IFERROR((SUMIFS('전체 일별'!$E:$E,'전체 일별'!$B:$B,">="&$B68,'전체 일별'!$B:$B,"<="&$C68))/AE68,0)/($AL68/$AK68) -> 0 | J68: =IFERROR((SUMIFS('전체 일별'!$F:$F,'전체 일별'!$B:$B,">="&$B68,'전체 일별'!$B:$B,"<="&$C68))/AD68/($AL68/$AK68),0) -> 37061.889 | K68: =IFERROR((SUMIFS('전체 일별'!$I:$I,'전체 일별'!$B:$B,">="&$B68,'전체 일별'!$B:$B,"<="&$C68))/AF68/($AL68/$AK68),0) -> 0 | L68: =IFERROR((SUMIFS('전체 일별'!$J:$J,'전체 일별'!$B:$B,">="&$B68,'전체 일별'!$B:$B,"<="&$C68))/AG68/($AL68/$AK68),0) -> 0 | M68: =IFERROR((SUMIFS('전체 일별'!$H:$H,'전체 일별'!$B:$B,">="&$B68,'전체 일별'!$B:$B,"<="&$C68))/AH68,0)/($AL68/$AK68) -> 23742.829 | N68: =SUMIFS('전체 일별'!$AQ:$AQ,'전체 일별'!$B:$B,">="&$B68,'전체 일별'!$B:$B,"<="&$C68) -> 6974 | O68: =SUMIFS('전체 일별'!$AR:$AR,'전체 일별'!$B:$B,">="&$B68,'전체 일별'!$B:$B,"<="&$C68) -> 5888 | P68: =SUMIFS('전체 일별'!$AJ:$AJ,'전체 일별'!$B:$B,">="&$B68,'전체 일별'!$B:$B,"<="&$C68) -> 2075 | Q68: =SUMIFS('전체 일별'!$Z:$Z,'전체 일별'!$B:$B,">="&$B68,'전체 일별'!$B:$B,"<="&$C68) -> 1534 | R68: =SUMIFS('전체 일별'!$AL:$AL,'전체 일별'!$B:$B,">="&$B68,'전체 일별'!$B:$B,"<="&$C68) -> 20182 | S68: =SUMIFS('전체 일별'!$AO:$AO,'전체 일별'!$B:$B,">="&$B68,'전체 일별'!$B:$B,"<="&$C68) -> 16030 | T68: =SUMIFS('전체 일별'!$AP:$AP,'전체 일별'!$B:$B,">="&$B68,'전체 일별'!$B:$B,"<="&$C68) -> 500 | U68: =F68/Q68 -> 20371.098 | V68: =F68/SUM(AB68:AH68)/(AL68/AK68) -> 35604.395 | W68: =O68/N68 -> 0.84427875 | X68: =Q68/O68 -> 0.26052989 | Y68: =T68/(S68+T68) -> 0.030248034 | Z68: =E68/S68 -> 10786.74 | AA68: =SUMIFS('전체 일별'!$BJ:$BJ,'전체 일별'!$B:$B,">="&$B68,'전체 일별'!$B:$B,"<="&$C68) -> 239 | AB68: 239 | AC68: 107 | AD68: 261 | AE68: 0 | AF68: 0 | AG68: 0 | AH68: 29 | AI68: =AJ68-6 -> 45883 | AJ68: =C68-8 -> 45889 | AK68: =AVERAGEIFS('전체 일별'!$BG:$BG,'전체 일별'!$B:$B,">="&$AI68,'전체 일별'!$B:$B,"<="&$AJ68) -> 0.23382857 | AL68: =AK68*1.38 -> 0.32268343 | AM68: 0 | AN68: 0
B69: =C68+1 -> 45898 | C69: =B69+6 -> 45904 | D69: 25년 9월 1주차 | E69: =SUMIFS('전체 일별'!$BA:$BA,'전체 일별'!$B:$B,">="&$B69,'전체 일별'!$B:$B,"<="&$C69) -> 184306847 | F69: =SUMIFS('전체 일별'!$L:$L,'전체 일별'!$B:$B,">="&$B69,'전체 일별'!$B:$B,"<="&$C69) -> 29060745 | G69: =(SUMIFS('전체 일별'!$C:$C,'전체 일별'!$B:$B,">="&$B69,'전체 일별'!$B:$B,"<="&$C69))/AB69/($AL69/$AK69) -> 35597.359 | H69: =(SUMIFS('전체 일별'!$D:$D,'전체 일별'!$B:$B,">="&$B69,'전체 일별'!$B:$B,"<="&$C69))/AC69/($AL69/$AK69) -> 3473.4183 | I69: =IFERROR((SUMIFS('전체 일별'!$E:$E,'전체 일별'!$B:$B,">="&$B69,'전체 일별'!$B:$B,"<="&$C69))/AE69,0)/($AL69/$AK69) -> 0 | J69: =IFERROR((SUMIFS('전체 일별'!$F:$F,'전체 일별'!$B:$B,">="&$B69,'전체 일별'!$B:$B,"<="&$C69))/AD69/($AL69/$AK69),0) -> 50159.913 | K69: =IFERROR((SUMIFS('전체 일별'!$I:$I,'전체 일별'!$B:$B,">="&$B69,'전체 일별'!$B:$B,"<="&$C69))/AF69/($AL69/$AK69),0) -> 0 | L69: =IFERROR((SUMIFS('전체 일별'!$J:$J,'전체 일별'!$B:$B,">="&$B69,'전체 일별'!$B:$B,"<="&$C69))/AG69/($AL69/$AK69),0) -> 0 | M69: =IFERROR((SUMIFS('전체 일별'!$H:$H,'전체 일별'!$B:$B,">="&$B69,'전체 일별'!$B:$B,"<="&$C69))/AH69,0)/($AL69/$AK69) -> 31596.3 | N69: =SUMIFS('전체 일별'!$AQ:$AQ,'전체 일별'!$B:$B,">="&$B69,'전체 일별'!$B:$B,"<="&$C69) -> 6682 | O69: =SUMIFS('전체 일별'!$AR:$AR,'전체 일별'!$B:$B,">="&$B69,'전체 일별'!$B:$B,"<="&$C69) -> 5441 | P69: =SUMIFS('전체 일별'!$AJ:$AJ,'전체 일별'!$B:$B,">="&$B69,'전체 일별'!$B:$B,"<="&$C69) -> 2161 | Q69: =SUMIFS('전체 일별'!$Z:$Z,'전체 일별'!$B:$B,">="&$B69,'전체 일별'!$B:$B,"<="&$C69) -> 1499 | R69: =SUMIFS('전체 일별'!$AL:$AL,'전체 일별'!$B:$B,">="&$B69,'전체 일별'!$B:$B,"<="&$C69) -> 21211 | S69: =SUMIFS('전체 일별'!$AO:$AO,'전체 일별'!$B:$B,">="&$B69,'전체 일별'!$B:$B,"<="&$C69) -> 17090 | T69: =SUMIFS('전체 일별'!$AP:$AP,'전체 일별'!$B:$B,">="&$B69,'전체 일별'!$B:$B,"<="&$C69) -> 572 | U69: =F69/Q69 -> 19386.755 | V69: =F69/SUM(AB69:AH69)/(AL69/AK69) -> 35039.12 | W69: =O69/N69 -> 0.81427716 | X69: =Q69/O69 -> 0.27550083 | Y69: =T69/(S69+T69) -> 0.032385913 | Z69: =E69/S69 -> 10784.485 | AA69: =SUMIFS('전체 일별'!$BJ:$BJ,'전체 일별'!$B:$B,">="&$B69,'전체 일별'!$B:$B,"<="&$C69) -> 246 | AB69: 222 | AC69: 104 | AD69: 209 | AE69: 0 | AF69: 0 | AG69: 0 | AH69: 66 | AI69: =AJ69-6 -> 45890 | AJ69: =C69-8 -> 45896 | AK69: =AVERAGEIFS('전체 일별'!$BG:$BG,'전체 일별'!$B:$B,">="&$AI69,'전체 일별'!$B:$B,"<="&$AJ69) -> 0.19057143 | AL69: =AK69*1.38 -> 0.26298857 | AM69: 0 | AN69: 0
B70: =C69+1 -> 45905 | C70: =B70+6 -> 45911 | D70: 25년 9월 2주차 | E70: =SUMIFS('전체 일별'!$BA:$BA,'전체 일별'!$B:$B,">="&$B70,'전체 일별'!$B:$B,"<="&$C70) -> 162959733 | F70: =SUMIFS('전체 일별'!$L:$L,'전체 일별'!$B:$B,">="&$B70,'전체 일별'!$B:$B,"<="&$C70) -> 28259496 | G70: =(SUMIFS('전체 일별'!$C:$C,'전체 일별'!$B:$B,">="&$B70,'전체 일별'!$B:$B,"<="&$C70))/AB70/($AL70/$AK70) -> 36634.661 | H70: =(SUMIFS('전체 일별'!$D:$D,'전체 일별'!$B:$B,">="&$B70,'전체 일별'!$B:$B,"<="&$C70))/AC70/($AL70/$AK70) -> 3240.1557 | I70: =IFERROR((SUMIFS('전체 일별'!$E:$E,'전체 일별'!$B:$B,">="&$B70,'전체 일별'!$B:$B,"<="&$C70))/AE70,0)/($AL70/$AK70) -> 0 | J70: =IFERROR((SUMIFS('전체 일별'!$F:$F,'전체 일별'!$B:$B,">="&$B70,'전체 일별'!$B:$B,"<="&$C70))/AD70/($AL70/$AK70),0) -> 38257.997 | K70: =IFERROR((SUMIFS('전체 일별'!$I:$I,'전체 일별'!$B:$B,">="&$B70,'전체 일별'!$B:$B,"<="&$C70))/AF70/($AL70/$AK70),0) -> 0 | L70: =IFERROR((SUMIFS('전체 일별'!$J:$J,'전체 일별'!$B:$B,">="&$B70,'전체 일별'!$B:$B,"<="&$C70))/AG70/($AL70/$AK70),0) -> 0 | M70: =IFERROR((SUMIFS('전체 일별'!$H:$H,'전체 일별'!$B:$B,">="&$B70,'전체 일별'!$B:$B,"<="&$C70))/AH70,0)/($AL70/$AK70) -> 79969.026 | N70: =SUMIFS('전체 일별'!$AQ:$AQ,'전체 일별'!$B:$B,">="&$B70,'전체 일별'!$B:$B,"<="&$C70) -> 5506 | O70: =SUMIFS('전체 일별'!$AR:$AR,'전체 일별'!$B:$B,">="&$B70,'전체 일별'!$B:$B,"<="&$C70) -> 4609 | P70: =SUMIFS('전체 일별'!$AJ:$AJ,'전체 일별'!$B:$B,">="&$B70,'전체 일별'!$B:$B,"<="&$C70) -> 2020 | Q70: =SUMIFS('전체 일별'!$Z:$Z,'전체 일별'!$B:$B,">="&$B70,'전체 일별'!$B:$B,"<="&$C70) -> 1433 | R70: =SUMIFS('전체 일별'!$AL:$AL,'전체 일별'!$B:$B,">="&$B70,'전체 일별'!$B:$B,"<="&$C70) -> 19932 | S70: =SUMIFS('전체 일별'!$AO:$AO,'전체 일별'!$B:$B,">="&$B70,'전체 일별'!$B:$B,"<="&$C70) -> 16253 | T70: =SUMIFS('전체 일별'!$AP:$AP,'전체 일별'!$B:$B,">="&$B70,'전체 일별'!$B:$B,"<="&$C70) -> 499 | U70: =F70/Q70 -> 19720.514 | V70: =F70/SUM(AB70:AH70)/(AL70/AK70) -> 35004.95 | W70: =O70/N70 -> 0.83708681 | X70: =Q70/O70 -> 0.31091343 | Y70: =T70/(S70+T70) -> 0.029787488 | Z70: =E70/S70 -> 10026.44 | AA70: =SUMIFS('전체 일별'!$BJ:$BJ,'전체 일별'!$B:$B,">="&$B70,'전체 일별'!$B:$B,"<="&$C70) -> 214 | AB70: 251 | AC70: 94 | AD70: 197 | AE70: 0 | AF70: 0 | AG70: 0 | AH70: 43 | AI70: =AJ70-6 -> 45897 | AJ70: =C70-8 -> 45903 | AK70: =AVERAGEIFS('전체 일별'!$BG:$BG,'전체 일별'!$B:$B,">="&$AI70,'전체 일별'!$B:$B,"<="&$AJ70) -> 0.19034286 | AL70: =AK70*1.38 -> 0.26267314 | AM70: 0 | AN70: 0
B71: =C70+1 -> 45912 | C71: =B71+6 -> 45918 | D71: 25년 9월 3주차 | E71: =SUMIFS('전체 일별'!$BA:$BA,'전체 일별'!$B:$B,">="&$B71,'전체 일별'!$B:$B,"<="&$C71) -> 178876418 | F71: =SUMIFS('전체 일별'!$L:$L,'전체 일별'!$B:$B,">="&$B71,'전체 일별'!$B:$B,"<="&$C71) -> 25467447 | G71: =(SUMIFS('전체 일별'!$C:$C,'전체 일별'!$B:$B,">="&$B71,'전체 일별'!$B:$B,"<="&$C71))/AB71/($AL71/$AK71) -> 40251.834 | H71: =(SUMIFS('전체 일별'!$D:$D,'전체 일별'!$B:$B,">="&$B71,'전체 일별'!$B:$B,"<="&$C71))/AC71/($AL71/$AK71) -> 3247.9401 | I71: =IFERROR((SUMIFS('전체 일별'!$E:$E,'전체 일별'!$B:$B,">="&$B71,'전체 일별'!$B:$B,"<="&$C71))/AE71,0)/($AL71/$AK71) -> 0 | J71: =IFERROR((SUMIFS('전체 일별'!$F:$F,'전체 일별'!$B:$B,">="&$B71,'전체 일별'!$B:$B,"<="&$C71))/AD71/($AL71/$AK71),0) -> 40454.901 | K71: =IFERROR((SUMIFS('전체 일별'!$I:$I,'전체 일별'!$B:$B,">="&$B71,'전체 일별'!$B:$B,"<="&$C71))/AF71/($AL71/$AK71),0) -> 0 | L71: =IFERROR((SUMIFS('전체 일별'!$J:$J,'전체 일별'!$B:$B,">="&$B71,'전체 일별'!$B:$B,"<="&$C71))/AG71/($AL71/$AK71),0) -> 4200.7246 | M71: =IFERROR((SUMIFS('전체 일별'!$H:$H,'전체 일별'!$B:$B,">="&$B71,'전체 일별'!$B:$B,"<="&$C71))/AH71,0)/($AL71/$AK71) -> 49804.404 | N71: =SUMIFS('전체 일별'!$AQ:$AQ,'전체 일별'!$B:$B,">="&$B71,'전체 일별'!$B:$B,"<="&$C71) -> 4910 | O71: =SUMIFS('전체 일별'!$AR:$AR,'전체 일별'!$B:$B,">="&$B71,'전체 일별'!$B:$B,"<="&$C71) -> 4158 | P71: =SUMIFS('전체 일별'!$AJ:$AJ,'전체 일별'!$B:$B,">="&$B71,'전체 일별'!$B:$B,"<="&$C71) -> 1916 | Q71: =SUMIFS('전체 일별'!$Z:$Z,'전체 일별'!$B:$B,">="&$B71,'전체 일별'!$B:$B,"<="&$C71) -> 1342 | R71: =SUMIFS('전체 일별'!$AL:$AL,'전체 일별'!$B:$B,">="&$B71,'전체 일별'!$B:$B,"<="&$C71) -> 19667 | S71: =SUMIFS('전체 일별'!$AO:$AO,'전체 일별'!$B:$B,">="&$B71,'전체 일별'!$B:$B,"<="&$C71) -> 16307 | T71: =SUMIFS('전체 일별'!$AP:$AP,'전체 일별'!$B:$B,">="&$B71,'전체 일별'!$B:$B,"<="&$C71) -> 456 | U71: =F71/Q71 -> 18977.233 | V71: =F71/SUM(AB71:AH71)/(AL71/AK71) -> 34559.31 | W71: =O71/N71 -> 0.84684318 | X71: =Q71/O71 -> 0.32275132 | Y71: =T71/(S71+T71) -> 0.027202768 | Z71: =E71/S71 -> 10969.303 | AA71: =SUMIFS('전체 일별'!$BJ:$BJ,'전체 일별'!$B:$B,">="&$B71,'전체 일별'!$B:$B,"<="&$C71) -> 223 | AB71: 215 | AC71: 89 | AD71: 203 | AE71: 0 | AF71: 0 | AG71: 1 | AH71: 26 | AI71: =AJ71-6 -> 45904 | AJ71: =C71-8 -> 45910 | AK71: =AVERAGEIFS('전체 일별'!$BG:$BG,'전체 일별'!$B:$B,">="&$AI71,'전체 일별'!$B:$B,"<="&$AJ71) -> 0.21095714 | AL71: =AK71*1.38 -> 0.29112086 | AM71: 0 | AN71: 0
B72: =C71+1 -> 45919 | C72: =B72+6 -> 45925 | D72: 25년 9월 4주차 | E72: =SUMIFS('전체 일별'!$BA:$BA,'전체 일별'!$B:$B,">="&$B72,'전체 일별'!$B:$B,"<="&$C72) -> 179632300 | F72: =SUMIFS('전체 일별'!$L:$L,'전체 일별'!$B:$B,">="&$B72,'전체 일별'!$B:$B,"<="&$C72) -> 31611010 | G72: =(SUMIFS('전체 일별'!$C:$C,'전체 일별'!$B:$B,">="&$B72,'전체 일별'!$B:$B,"<="&$C72))/AB72/($AL72/$AK72) -> 40277.972 | H72: =(SUMIFS('전체 일별'!$D:$D,'전체 일별'!$B:$B,">="&$B72,'전체 일별'!$B:$B,"<="&$C72))/AC72/($AL72/$AK72) -> 2455.1752 | I72: =IFERROR((SUMIFS('전체 일별'!$E:$E,'전체 일별'!$B:$B,">="&$B72,'전체 일별'!$B:$B,"<="&$C72))/AE72,0)/($AL72/$AK72) -> 0 | J72: =IFERROR((SUMIFS('전체 일별'!$F:$F,'전체 일별'!$B:$B,">="&$B72,'전체 일별'!$B:$B,"<="&$C72))/AD72/($AL72/$AK72),0) -> 43198.99 | K72: =IFERROR((SUMIFS('전체 일별'!$I:$I,'전체 일별'!$B:$B,">="&$B72,'전체 일별'!$B:$B,"<="&$C72))/AF72/($AL72/$AK72),0) -> 0 | L72: =IFERROR((SUMIFS('전체 일별'!$J:$J,'전체 일별'!$B:$B,">="&$B72,'전체 일별'!$B:$B,"<="&$C72))/AG72/($AL72/$AK72),0) -> 0 | M72: =IFERROR((SUMIFS('전체 일별'!$H:$H,'전체 일별'!$B:$B,">="&$B72,'전체 일별'!$B:$B,"<="&$C72))/AH72,0)/($AL72/$AK72) -> 39735.34 | N72: =SUMIFS('전체 일별'!$AQ:$AQ,'전체 일별'!$B:$B,">="&$B72,'전체 일별'!$B:$B,"<="&$C72) -> 5753 | O72: =SUMIFS('전체 일별'!$AR:$AR,'전체 일별'!$B:$B,">="&$B72,'전체 일별'!$B:$B,"<="&$C72) -> 4917 | P72: =SUMIFS('전체 일별'!$AJ:$AJ,'전체 일별'!$B:$B,">="&$B72,'전체 일별'!$B:$B,"<="&$C72) -> 2081 | Q72: =SUMIFS('전체 일별'!$Z:$Z,'전체 일별'!$B:$B,">="&$B72,'전체 일별'!$B:$B,"<="&$C72) -> 1694 | R72: =SUMIFS('전체 일별'!$AL:$AL,'전체 일별'!$B:$B,">="&$B72,'전체 일별'!$B:$B,"<="&$C72) -> 20512 | S72: =SUMIFS('전체 일별'!$AO:$AO,'전체 일별'!$B:$B,">="&$B72,'전체 일별'!$B:$B,"<="&$C72) -> 16835 | T72: =SUMIFS('전체 일별'!$AP:$AP,'전체 일별'!$B:$B,">="&$B72,'전체 일별'!$B:$B,"<="&$C72) -> 521 | U72: =F72/Q72 -> 18660.573 | V72: =F72/SUM(AB72:AH72)/(AL72/AK72) -> 35847.463 | W72: =O72/N72 -> 0.85468451 | X72: =Q72/O72 -> 0.34451902 | Y72: =T72/(S72+T72) -> 0.030018437 | Z72: =E72/S72 -> 10670.169 | AA72: =SUMIFS('전체 일별'!$BJ:$BJ,'전체 일별'!$B:$B,">="&$B72,'전체 일별'!$B:$B,"<="&$C72) -> 215 | AB72: 276 | AC72: 134 | AD72: 216 | AE72: 0 | AF72: 0 | AG72: 0 | AH72: 13 | AI72: =AJ72-6 -> 45911 | AJ72: =C72-8 -> 45917 | AK72: =AVERAGEIFS('전체 일별'!$BG:$BG,'전체 일별'!$B:$B,">="&$AI72,'전체 일별'!$B:$B,"<="&$AJ72) -> 0.225 | AL72: =AK72*1.38 -> 0.3105 | AM72: 0 | AN72: 0
B73: =C72+1 -> 45926 | C73: =B73+6 -> 45932 | D73: 25년 10월 1주차 | E73: =SUMIFS('전체 일별'!$BA:$BA,'전체 일별'!$B:$B,">="&$B73,'전체 일별'!$B:$B,"<="&$C73) -> 198094264 | F73: =SUMIFS('전체 일별'!$L:$L,'전체 일별'!$B:$B,">="&$B73,'전체 일별'!$B:$B,"<="&$C73) -> 33839960 | G73: =(SUMIFS('전체 일별'!$C:$C,'전체 일별'!$B:$B,">="&$B73,'전체 일별'!$B:$B,"<="&$C73))/AB73/($AL73/$AK73) -> 29770.528 | H73: =(SUMIFS('전체 일별'!$D:$D,'전체 일별'!$B:$B,">="&$B73,'전체 일별'!$B:$B,"<="&$C73))/AC73/($AL73/$AK73) -> 2467.684 | I73: =IFERROR((SUMIFS('전체 일별'!$E:$E,'전체 일별'!$B:$B,">="&$B73,'전체 일별'!$B:$B,"<="&$C73))/AE73,0)/($AL73/$AK73) -> 0 | J73: =IFERROR((SUMIFS('전체 일별'!$F:$F,'전체 일별'!$B:$B,">="&$B73,'전체 일별'!$B:$B,"<="&$C73))/AD73/($AL73/$AK73),0) -> 35841.115 | K73: =IFERROR((SUMIFS('전체 일별'!$I:$I,'전체 일별'!$B:$B,">="&$B73,'전체 일별'!$B:$B,"<="&$C73))/AF73/($AL73/$AK73),0) -> 0 | L73: =IFERROR((SUMIFS('전체 일별'!$J:$J,'전체 일별'!$B:$B,">="&$B73,'전체 일별'!$B:$B,"<="&$C73))/AG73/($AL73/$AK73),0) -> 0 | M73: =IFERROR((SUMIFS('전체 일별'!$H:$H,'전체 일별'!$B:$B,">="&$B73,'전체 일별'!$B:$B,"<="&$C73))/AH73,0)/($AL73/$AK73) -> 26764.941 | N73: =SUMIFS('전체 일별'!$AQ:$AQ,'전체 일별'!$B:$B,">="&$B73,'전체 일별'!$B:$B,"<="&$C73) -> 5079 | O73: =SUMIFS('전체 일별'!$AR:$AR,'전체 일별'!$B:$B,">="&$B73,'전체 일별'!$B:$B,"<="&$C73) -> 4378 | P73: =SUMIFS('전체 일별'!$AJ:$AJ,'전체 일별'!$B:$B,">="&$B73,'전체 일별'!$B:$B,"<="&$C73) -> 2198 | Q73: =SUMIFS('전체 일별'!$Z:$Z,'전체 일별'!$B:$B,">="&$B73,'전체 일별'!$B:$B,"<="&$C73) -> 1680 | R73: =SUMIFS('전체 일별'!$AL:$AL,'전체 일별'!$B:$B,">="&$B73,'전체 일별'!$B:$B,"<="&$C73) -> 22913 | S73: =SUMIFS('전체 일별'!$AO:$AO,'전체 일별'!$B:$B,">="&$B73,'전체 일별'!$B:$B,"<="&$C73) -> 18892 | T73: =SUMIFS('전체 일별'!$AP:$AP,'전체 일별'!$B:$B,">="&$B73,'전체 일별'!$B:$B,"<="&$C73) -> 549 | U73: =F73/Q73 -> 20142.833 | V73: =F73/SUM(AB73:AH73)/(AL73/AK73) -> 28747.609 | W73: =O73/N73 -> 0.8619807 | X73: =Q73/O73 -> 0.38373687 | Y73: =T73/(S73+T73) -> 0.028239288 | Z73: =E73/S73 -> 10485.616 | AA73: =SUMIFS('전체 일별'!$BJ:$BJ,'전체 일별'!$B:$B,">="&$B73,'전체 일별'!$B:$B,"<="&$C73) -> 213 | AB73: 402 | AC73: 151 | AD73: 279 | AE73: 0 | AF73: 0 | AG73: 0 | AH73: 21 | AI73: =AJ73-6 -> 45918 | AJ73: =C73-8 -> 45924 | AK73: =AVERAGEIFS('전체 일별'!$BG:$BG,'전체 일별'!$B:$B,">="&$AI73,'전체 일별'!$B:$B,"<="&$AJ73) -> 0.23362857 | AL73: =AK73*1.38 -> 0.32240743 | AM73: 0 | AN73: 0
... B81: =C80+1 -> 45982 | C81: =B81+6 -> 45988 | D81: 25년 11월 3주차 | E81: =SUMIFS('전체 일별'!$BA:$BA,'전체 일별'!$B:$B,">="&$B81,'전체 일별'!$B:$B,"<="&$C81) -> 211557794 | F81: =SUMIFS('전체 일별'!$L:$L,'전체 일별'!$B:$B,">="&$B81,'전체 일별'!$B:$B,"<="&$C81) -> 39093936 | G81: =(SUMIFS('전체 일별'!$C:$C,'전체 일별'!$B:$B,">="&$B81,'전체 일별'!$B:$B,"<="&$C81))/AB81/($AL81/$AK81) -> 52972.21 | H81: =(SUMIFS('전체 일별'!$D:$D,'전체 일별'!$B:$B,">="&$B81,'전체 일별'!$B:$B,"<="&$C81))/AC81/($AL81/$AK81) -> 8023.5167 | I81: =IFERROR((SUMIFS('전체 일별'!$E:$E,'전체 일별'!$B:$B,">="&$B81,'전체 일별'!$B:$B,"<="&$C81))/AE81,0)/($AL81/$AK81) -> 0 | J81: =IFERROR((SUMIFS('전체 일별'!$F:$F,'전체 일별'!$B:$B,">="&$B81,'전체 일별'!$B:$B,"<="&$C81))/AD81/($AL81/$AK81),0) -> 74905.614 | K81: =IFERROR((SUMIFS('전체 일별'!$I:$I,'전체 일별'!$B:$B,">="&$B81,'전체 일별'!$B:$B,"<="&$C81))/AF81/($AL81/$AK81),0) -> 0 | L81: =IFERROR((SUMIFS('전체 일별'!$J:$J,'전체 일별'!$B:$B,">="&$B81,'전체 일별'!$B:$B,"<="&$C81))/AG81/($AL81/$AK81),0) -> 7616.3043 | M81: =IFERROR((SUMIFS('전체 일별'!$H:$H,'전체 일별'!$B:$B,">="&$B81,'전체 일별'!$B:$B,"<="&$C81))/AH81,0)/($AL81/$AK81) -> 96829.638 | N81: =SUMIFS('전체 일별'!$AQ:$AQ,'전체 일별'!$B:$B,">="&$B81,'전체 일별'!$B:$B,"<="&$C81) -> 4296 | O81: =SUMIFS('전체 일별'!$AR:$AR,'전체 일별'!$B:$B,">="&$B81,'전체 일별'!$B:$B,"<="&$C81) -> 3812 | P81: =SUMIFS('전체 일별'!$AJ:$AJ,'전체 일별'!$B:$B,">="&$B81,'전체 일별'!$B:$B,"<="&$C81) -> 1952 | Q81: =SUMIFS('전체 일별'!$Z:$Z,'전체 일별'!$B:$B,">="&$B81,'전체 일별'!$B:$B,"<="&$C81) -> 1424 | R81: =SUMIFS('전체 일별'!$AL:$AL,'전체 일별'!$B:$B,">="&$B81,'전체 일별'!$B:$B,"<="&$C81) -> 21899 | S81: =SUMIFS('전체 일별'!$AO:$AO,'전체 일별'!$B:$B,">="&$B81,'전체 일별'!$B:$B,"<="&$C81) -> 20704 | T81: =SUMIFS('전체 일별'!$AP:$AP,'전체 일별'!$B:$B,">="&$B81,'전체 일별'!$B:$B,"<="&$C81) -> 497 | U81: =F81/Q81 -> 27453.607 | V81: =F81/SUM(AB81:AH81)/(AL81/AK81) -> 53450.829 | W81: =O81/N81 -> 0.88733706 | X81: =Q81/O81 -> 0.37355719 | Y81: =T81/(S81+T81) -> 0.02344229 | Z81: =E81/S81 -> 10218.209 | AA81: =SUMIFS('전체 일별'!$BJ:$BJ,'전체 일별'!$B:$B,">="&$B81,'전체 일별'!$B:$B,"<="&$C81) -> 149 | AB81: 237 | AC81: 117 | AD81: 154 | AE81: 0 | AF81: 0 | AG81: 2 | AH81: 20 | AI81: =AJ81-6 -> 45974 | AJ81: =C81-8 -> 45980 | AK81: =AVERAGEIFS('전체 일별'!$BG:$BG,'전체 일별'!$B:$B,">="&$AI81,'전체 일별'!$B:$B,"<="&$AJ81) -> 0.24247143 | AL81: =AK81*1.38 -> 0.33461057 | AM81: 0 | AN81: 0
B82: =C81+1 -> 45989 | C82: =B82+6 -> 45995 | D82: 25년 12월 1주차 | E82: =SUMIFS('전체 일별'!$BA:$BA,'전체 일별'!$B:$B,">="&$B82,'전체 일별'!$B:$B,"<="&$C82) -> 215126567 | F82: =SUMIFS('전체 일별'!$L:$L,'전체 일별'!$B:$B,">="&$B82,'전체 일별'!$B:$B,"<="&$C82) -> 34922661 | G82: =(SUMIFS('전체 일별'!$C:$C,'전체 일별'!$B:$B,">="&$B82,'전체 일별'!$B:$B,"<="&$C82))/AB82/($AL82/$AK82) -> 43576.279 | H82: =(SUMIFS('전체 일별'!$D:$D,'전체 일별'!$B:$B,">="&$B82,'전체 일별'!$B:$B,"<="&$C82))/AC82/($AL82/$AK82) -> 10727.804 | I82: =IFERROR((SUMIFS('전체 일별'!$E:$E,'전체 일별'!$B:$B,">="&$B82,'전체 일별'!$B:$B,"<="&$C82))/AE82,0)/($AL82/$AK82) -> 0 | J82: =IFERROR((SUMIFS('전체 일별'!$F:$F,'전체 일별'!$B:$B,">="&$B82,'전체 일별'!$B:$B,"<="&$C82))/AD82/($AL82/$AK82),0) -> 50787.94 | K82: =IFERROR((SUMIFS('전체 일별'!$I:$I,'전체 일별'!$B:$B,">="&$B82,'전체 일별'!$B:$B,"<="&$C82))/AF82/($AL82/$AK82),0) -> 0 | L82: =IFERROR((SUMIFS('전체 일별'!$J:$J,'전체 일별'!$B:$B,">="&$B82,'전체 일별'!$B:$B,"<="&$C82))/AG82/($AL82/$AK82),0) -> 5591.6667 | M82: =IFERROR((SUMIFS('전체 일별'!$H:$H,'전체 일별'!$B:$B,">="&$B82,'전체 일별'!$B:$B,"<="&$C82))/AH82,0)/($AL82/$AK82) -> 62022.305 | N82: =SUMIFS('전체 일별'!$AQ:$AQ,'전체 일별'!$B:$B,">="&$B82,'전체 일별'!$B:$B,"<="&$C82) -> 4069 | O82: =SUMIFS('전체 일별'!$AR:$AR,'전체 일별'!$B:$B,">="&$B82,'전체 일별'!$B:$B,"<="&$C82) -> 3627 | P82: =SUMIFS('전체 일별'!$AJ:$AJ,'전체 일별'!$B:$B,">="&$B82,'전체 일별'!$B:$B,"<="&$C82) -> 1966 | Q82: =SUMIFS('전체 일별'!$Z:$Z,'전체 일별'!$B:$B,">="&$B82,'전체 일별'!$B:$B,"<="&$C82) -> 1456 | R82: =SUMIFS('전체 일별'!$AL:$AL,'전체 일별'!$B:$B,">="&$B82,'전체 일별'!$B:$B,"<="&$C82) -> 22429 | S82: =SUMIFS('전체 일별'!$AO:$AO,'전체 일별'!$B:$B,">="&$B82,'전체 일별'!$B:$B,"<="&$C82) -> 21169 | T82: =SUMIFS('전체 일별'!$AP:$AP,'전체 일별'!$B:$B,">="&$B82,'전체 일별'!$B:$B,"<="&$C82) -> 418 | U82: =F82/Q82 -> 23985.344 | V82: =F82/SUM(AB82:AH82)/(AL82/AK82) -> 43782.485 | W82: =O82/N82 -> 0.8913738 | X82: =Q82/O82 -> 0.40143369 | Y82: =T82/(S82+T82) -> 0.019363506 | Z82: =E82/S82 -> 10162.34 | AA82: =SUMIFS('전체 일별'!$BJ:$BJ,'전체 일별'!$B:$B,">="&$B82,'전체 일별'!$B:$B,"<="&$C82) -> 160 | AB82: 306 | AC82: 84 | AD82: 154 | AE82: 0 | AF82: 0 | AG82: 2 | AH82: 32 | AI82: =AJ82-6 -> 45981 | AJ82: =C82-8 -> 45987 | AK82: =AVERAGEIFS('전체 일별'!$BG:$BG,'전체 일별'!$B:$B,">="&$AI82,'전체 일별'!$B:$B,"<="&$AJ82) -> 0.24931429 | AL82: =AK82*1.38 -> 0.34405371 | AM82: 0 | AN82: 0 | AO82: 0
B83: =C82+1 -> 45996 | C83: =B83+6 -> 46002 | D83: 25년 12월 2주차 | E83: =SUMIFS('전체 일별'!$BA:$BA,'전체 일별'!$B:$B,">="&$B83,'전체 일별'!$B:$B,"<="&$C83) -> 222734561 | F83: =SUMIFS('전체 일별'!$L:$L,'전체 일별'!$B:$B,">="&$B83,'전체 일별'!$B:$B,"<="&$C83) -> 45328731 | G83: =(SUMIFS('전체 일별'!$C:$C,'전체 일별'!$B:$B,">="&$B83,'전체 일별'!$B:$B,"<="&$C83))/AB83/($AL83/$AK83) -> 41671.498 | H83: =(SUMIFS('전체 일별'!$D:$D,'전체 일별'!$B:$B,">="&$B83,'전체 일별'!$B:$B,"<="&$C83))/AC83/($AL83/$AK83) -> 7315.9796 | I83: =IFERROR((SUMIFS('전체 일별'!$E:$E,'전체 일별'!$B:$B,">="&$B83,'전체 일별'!$B:$B,"<="&$C83))/AE83,0)/($AL83/$AK83) -> 0 | J83: =IFERROR((SUMIFS('전체 일별'!$F:$F,'전체 일별'!$B:$B,">="&$B83,'전체 일별'!$B:$B,"<="&$C83))/AD83/($AL83/$AK83),0) -> 44462.231 | K83: =IFERROR((SUMIFS('전체 일별'!$I:$I,'전체 일별'!$B:$B,">="&$B83,'전체 일별'!$B:$B,"<="&$C83))/AF83/($AL83/$AK83),0) -> 0 | L83: =IFERROR((SUMIFS('전체 일별'!$J:$J,'전체 일별'!$B:$B,">="&$B83,'전체 일별'!$B:$B,"<="&$C83))/AG83/($AL83/$AK83),0) -> 0 | M83: =IFERROR((SUMIFS('전체 일별'!$H:$H,'전체 일별'!$B:$B,">="&$B83,'전체 일별'!$B:$B,"<="&$C83))/AH83,0)/($AL83/$AK83) -> 69442.754 | N83: =SUMIFS('전체 일별'!$AQ:$AQ,'전체 일별'!$B:$B,">="&$B83,'전체 일별'!$B:$B,"<="&$C83) -> 4664 | O83: =SUMIFS('전체 일별'!$AR:$AR,'전체 일별'!$B:$B,">="&$B83,'전체 일별'!$B:$B,"<="&$C83) -> 4289 | P83: =SUMIFS('전체 일별'!$AJ:$AJ,'전체 일별'!$B:$B,">="&$B83,'전체 일별'!$B:$B,"<="&$C83) -> 2238 | Q83: =SUMIFS('전체 일별'!$Z:$Z,'전체 일별'!$B:$B,">="&$B83,'전체 일별'!$B:$B,"<="&$C83) -> 1836 | R83: =SUMIFS('전체 일별'!$AL:$AL,'전체 일별'!$B:$B,">="&$B83,'전체 일별'!$B:$B,"<="&$C83) -> 24075 | S83: =SUMIFS('전체 일별'!$AO:$AO,'전체 일별'!$B:$B,">="&$B83,'전체 일별'!$B:$B,"<="&$C83) -> 22813 | T83: =SUMIFS('전체 일별'!$AP:$AP,'전체 일별'!$B:$B,">="&$B83,'전체 일별'!$B:$B,"<="&$C83) -> 419 | U83: =F83/Q83 -> 24688.851 | V83: =F83/SUM(AB83:AH83)/(AL83/AK83) -> 39862.751 | W83: =O83/N83 -> 0.91959691 | X83: =Q83/O83 -> 0.42807181 | Y83: =T83/(S83+T83) -> 0.018035468 | Z83: =E83/S83 -> 9763.4928 | AA83: =SUMIFS('전체 일별'!$BJ:$BJ,'전체 일별'!$B:$B,">="&$B83,'전체 일별'!$B:$B,"<="&$C83) -> 185 | AB83: 444 | AC83: 135 | AD83: 215 | AE83: 0 | AF83: 0 | AG83: 0 | AH83: 30 | AI83: =AJ83-6 -> 45988 | AJ83: =C83-8 -> 45994 | AK83: =AVERAGEIFS('전체 일별'!$BG:$BG,'전체 일별'!$B:$B,">="&$AI83,'전체 일별'!$B:$B,"<="&$AJ83) -> 0.28077143 | AL83: =AK83*1.38 -> 0.38746457 | AM83: 0 | AN83: 0 | AO83: 0
B84: =C83+1 -> 46003 | C84: =B84+6 -> 46009 | D84: 25년 12월 3주차 | E84: =SUMIFS('전체 일별'!$BA:$BA,'전체 일별'!$B:$B,">="&$B84,'전체 일별'!$B:$B,"<="&$C84) -> 224939708 | F84: =SUMIFS('전체 일별'!$L:$L,'전체 일별'!$B:$B,">="&$B84,'전체 일별'!$B:$B,"<="&$C84) -> 65407447 | G84: =(SUMIFS('전체 일별'!$C:$C,'전체 일별'!$B:$B,">="&$B84,'전체 일별'!$B:$B,"<="&$C84))/AB84/($AL84/$AK84) -> 48164.483 | H84: =(SUMIFS('전체 일별'!$D:$D,'전체 일별'!$B:$B,">="&$B84,'전체 일별'!$B:$B,"<="&$C84))/AC84/($AL84/$AK84) -> 9601.7137 | I84: =IFERROR((SUMIFS('전체 일별'!$E:$E,'전체 일별'!$B:$B,">="&$B84,'전체 일별'!$B:$B,"<="&$C84))/AE84,0)/($AL84/$AK84) -> 0 | J84: =IFERROR((SUMIFS('전체 일별'!$F:$F,'전체 일별'!$B:$B,">="&$B84,'전체 일별'!$B:$B,"<="&$C84))/AD84/($AL84/$AK84),0) -> 51027.547 | K84: =IFERROR((SUMIFS('전체 일별'!$I:$I,'전체 일별'!$B:$B,">="&$B84,'전체 일별'!$B:$B,"<="&$C84))/AF84/($AL84/$AK84),0) -> 0 | L84: =IFERROR((SUMIFS('전체 일별'!$J:$J,'전체 일별'!$B:$B,">="&$B84,'전체 일별'!$B:$B,"<="&$C84))/AG84/($AL84/$AK84),0) -> 0 | M84: =IFERROR((SUMIFS('전체 일별'!$H:$H,'전체 일별'!$B:$B,">="&$B84,'전체 일별'!$B:$B,"<="&$C84))/AH84,0)/($AL84/$AK84) -> 42475.481 | N84: =SUMIFS('전체 일별'!$AQ:$AQ,'전체 일별'!$B:$B,">="&$B84,'전체 일별'!$B:$B,"<="&$C84) -> 6214 | O84: =SUMIFS('전체 일별'!$AR:$AR,'전체 일별'!$B:$B,">="&$B84,'전체 일별'!$B:$B,"<="&$C84) -> 5571 | P84: =SUMIFS('전체 일별'!$AJ:$AJ,'전체 일별'!$B:$B,">="&$B84,'전체 일별'!$B:$B,"<="&$C84) -> 2584 | Q84: =SUMIFS('전체 일별'!$Z:$Z,'전체 일별'!$B:$B,">="&$B84,'전체 일별'!$B:$B,"<="&$C84) -> 2304 | R84: =SUMIFS('전체 일별'!$AL:$AL,'전체 일별'!$B:$B,">="&$B84,'전체 일별'!$B:$B,"<="&$C84) -> 25450 | S84: =SUMIFS('전체 일별'!$AO:$AO,'전체 일별'!$B:$B,">="&$B84,'전체 일별'!$B:$B,"<="&$C84) -> 24227 | T84: =SUMIFS('전체 일별'!$AP:$AP,'전체 일별'!$B:$B,">="&$B84,'전체 일별'!$B:$B,"<="&$C84) -> 434 | U84: =F84/Q84 -> 28388.649 | V84: =F84/SUM(AB84:AH84)/(AL84/AK84) -> 45573.751 | W84: =O84/N84 -> 0.89652398 | X84: =Q84/O84 -> 0.41357027 | Y84: =T84/(S84+T84) -> 0.017598638 | Z84: =E84/S84 -> 9284.6703 | AA84: =SUMIFS('전체 일별'!$BJ:$BJ,'전체 일별'!$B:$B,">="&$B84,'전체 일별'!$B:$B,"<="&$C84) -> 206 | AB84: 510 | AC84: 148 | AD84: 333 | AE84: 0 | AF84: 0 | AG84: 0 | AH84: 49 | AI84: =AJ84-6 -> 45995 | AJ84: =C84-8 -> 46001 | AK84: =AVERAGEIFS('전체 일별'!$BG:$BG,'전체 일별'!$B:$B,">="&$AI84,'전체 일별'!$B:$B,"<="&$AJ84) -> 0.29378571 | AL84: =AK84*1.38 -> 0.40542429 | AM84: 0 | AN84: 0 | AO84: 0
B85: =C84+1 -> 46010 | C85: =B85+6 -> 46016 | D85: 25년 12월 4주차 | E85: =SUMIFS('전체 일별'!$BA:$BA,'전체 일별'!$B:$B,">="&$B85,'전체 일별'!$B:$B,"<="&$C85) -> 231246478 | F85: =SUMIFS('전체 일별'!$L:$L,'전체 일별'!$B:$B,">="&$B85,'전체 일별'!$B:$B,"<="&$C85) -> 72678665 | G85: =(SUMIFS('전체 일별'!$C:$C,'전체 일별'!$B:$B,">="&$B85,'전체 일별'!$B:$B,"<="&$C85))/AB85/($AL85/$AK85) -> 50034.659 | H85: =(SUMIFS('전체 일별'!$D:$D,'전체 일별'!$B:$B,">="&$B85,'전체 일별'!$B:$B,"<="&$C85))/AC85/($AL85/$AK85) -> 6040.205 | I85: =IFERROR((SUMIFS('전체 일별'!$E:$E,'전체 일별'!$B:$B,">="&$B85,'전체 일별'!$B:$B,"<="&$C85))/AE85,0)/($AL85/$AK85) -> 0 | J85: =IFERROR((SUMIFS('전체 일별'!$F:$F,'전체 일별'!$B:$B,">="&$B85,'전체 일별'!$B:$B,"<="&$C85))/AD85/($AL85/$AK85),0) -> 51211.54 | K85: =IFERROR((SUMIFS('전체 일별'!$I:$I,'전체 일별'!$B:$B,">="&$B85,'전체 일별'!$B:$B,"<="&$C85))/AF85/($AL85/$AK85),0) -> 0 | L85: =IFERROR((SUMIFS('전체 일별'!$J:$J,'전체 일별'!$B:$B,">="&$B85,'전체 일별'!$B:$B,"<="&$C85))/AG85/($AL85/$AK85),0) -> 0 | M85: =IFERROR((SUMIFS('전체 일별'!$H:$H,'전체 일별'!$B:$B,">="&$B85,'전체 일별'!$B:$B,"<="&$C85))/AH85,0)/($AL85/$AK85) -> 56182.816 | N85: =SUMIFS('전체 일별'!$AQ:$AQ,'전체 일별'!$B:$B,">="&$B85,'전체 일별'!$B:$B,"<="&$C85) -> 6493 | O85: =SUMIFS('전체 일별'!$AR:$AR,'전체 일별'!$B:$B,">="&$B85,'전체 일별'!$B:$B,"<="&$C85) -> 5843 | P85: =SUMIFS('전체 일별'!$AJ:$AJ,'전체 일별'!$B:$B,">="&$B85,'전체 일별'!$B:$B,"<="&$C85) -> 3075 | Q85: =SUMIFS('전체 일별'!$Z:$Z,'전체 일별'!$B:$B,">="&$B85,'전체 일별'!$B:$B,"<="&$C85) -> 2597 | R85: =SUMIFS('전체 일별'!$AL:$AL,'전체 일별'!$B:$B,">="&$B85,'전체 일별'!$B:$B,"<="&$C85) -> 26776 | S85: =SUMIFS('전체 일별'!$AO:$AO,'전체 일별'!$B:$B,">="&$B85,'전체 일별'!$B:$B,"<="&$C85) -> 25344 | T85: =SUMIFS('전체 일별'!$AP:$AP,'전체 일별'!$B:$B,">="&$B85,'전체 일별'!$B:$B,"<="&$C85) -> 478 | U85: =F85/Q85 -> 27985.624 | V85: =F85/SUM(AB85:AH85)/(AL85/AK85) -> 45401.465 | W85: =O85/N85 -> 0.89989219 | X85: =Q85/O85 -> 0.44446346 | Y85: =T85/(S85+T85) -> 0.018511347 | Z85: =E85/S85 -> 9124.3086 | AA85: =SUMIFS('전체 일별'!$BJ:$BJ,'전체 일별'!$B:$B,">="&$B85,'전체 일별'!$B:$B,"<="&$C85) -> 208 | AB85: 515 | AC85: 176 | AD85: 427 | AE85: 0 | AF85: 0 | AG85: 0 | AH85: 42 | AI85: =AJ85-6 -> 46002 | AJ85: =C85-8 -> 46008 | AK85: =AVERAGEIFS('전체 일별'!$BG:$BG,'전체 일별'!$B:$B,">="&$AI85,'전체 일별'!$B:$B,"<="&$AJ85) -> 0.28962857 | AL85: =AK85*1.38 -> 0.39968743 | AM85: 0 | AN85: 0 | AO85: 0
B86: =C85+1 -> 46017 | C86: =B86+6 -> 46023 | D86: 25년 12월 5주차 | E86: =SUMIFS('전체 일별'!$BA:$BA,'전체 일별'!$B:$B,">="&$B86,'전체 일별'!$B:$B,"<="&$C86) -> 263026333 | F86: =SUMIFS('전체 일별'!$L:$L,'전체 일별'!$B:$B,">="&$B86,'전체 일별'!$B:$B,"<="&$C86) -> 92726507 | G86: =(SUMIFS('전체 일별'!$C:$C,'전체 일별'!$B:$B,">="&$B86,'전체 일별'!$B:$B,"<="&$C86))/AB86/($AL86/$AK86) -> 42333.064 | H86: =(SUMIFS('전체 일별'!$D:$D,'전체 일별'!$B:$B,">="&$B86,'전체 일별'!$B:$B,"<="&$C86))/AC86/($AL86/$AK86) -> 5016.6403 | I86: =IFERROR((SUMIFS('전체 일별'!$E:$E,'전체 일별'!$B:$B,">="&$B86,'전체 일별'!$B:$B,"<="&$C86))/AE86,0)/($AL86/$AK86) -> 0 | J86: =IFERROR((SUMIFS('전체 일별'!$F:$F,'전체 일별'!$B:$B,">="&$B86,'전체 일별'!$B:$B,"<="&$C86))/AD86/($AL86/$AK86),0) -> 58601.144 | K86: =IFERROR((SUMIFS('전체 일별'!$I:$I,'전체 일별'!$B:$B,">="&$B86,'전체 일별'!$B:$B,"<="&$C86))/AF86/($AL86/$AK86),0) -> 0 | L86: =IFERROR((SUMIFS('전체 일별'!$J:$J,'전체 일별'!$B:$B,">="&$B86,'전체 일별'!$B:$B,"<="&$C86))/AG86/($AL86/$AK86),0) -> 6876.3285 | M86: =IFERROR((SUMIFS('전체 일별'!$H:$H,'전체 일별'!$B:$B,">="&$B86,'전체 일별'!$B:$B,"<="&$C86))/AH86,0)/($AL86/$AK86) -> 44039.936 | N86: =SUMIFS('전체 일별'!$AQ:$AQ,'전체 일별'!$B:$B,">="&$B86,'전체 일별'!$B:$B,"<="&$C86) -> 8491 | O86: =SUMIFS('전체 일별'!$AR:$AR,'전체 일별'!$B:$B,">="&$B86,'전체 일별'!$B:$B,"<="&$C86) -> 7621 | P86: =SUMIFS('전체 일별'!$AJ:$AJ,'전체 일별'!$B:$B,">="&$B86,'전체 일별'!$B:$B,"<="&$C86) -> 4249 | Q86: =SUMIFS('전체 일별'!$Z:$Z,'전체 일별'!$B:$B,">="&$B86,'전체 일별'!$B:$B,"<="&$C86) -> 3625 | R86: =SUMIFS('전체 일별'!$AL:$AL,'전체 일별'!$B:$B,">="&$B86,'전체 일별'!$B:$B,"<="&$C86) -> 30280 | S86: =SUMIFS('전체 일별'!$AO:$AO,'전체 일별'!$B:$B,">="&$B86,'전체 일별'!$B:$B,"<="&$C86) -> 28424 | T86: =SUMIFS('전체 일별'!$AP:$AP,'전체 일별'!$B:$B,">="&$B86,'전체 일별'!$B:$B,"<="&$C86) -> 551 | U86: =F86/Q86 -> 25579.726 | V86: =F86/SUM(AB86:AH86)/(AL86/AK86) -> 43100.142 | W86: =O86/N86 -> 0.89753857 | X86: =Q86/O86 -> 0.47565936 | Y86: =T86/(S86+T86) -> 0.019016393 | Z86: =E86/S86 -> 9253.6706 | AA86: =SUMIFS('전체 일별'!$BJ:$BJ,'전체 일별'!$B:$B,">="&$B86,'전체 일별'!$B:$B,"<="&$C86) -> 285 | AB86: 688 | AC86: 247 | AD86: 549 | AE86: 0 | AF86: 0 | AG86: 3 | AH86: 72 | AI86: =AJ86-6 -> 46009 | AJ86: =C86-8 -> 46015 | AK86: =AVERAGEIFS('전체 일별'!$BG:$BG,'전체 일별'!$B:$B,">="&$AI86,'전체 일별'!$B:$B,"<="&$AJ86) -> 0.30261429 | AL86: =AK86*1.38 -> 0.41760771 | AM86: 0 | AN86: 0 | AO86: 0
B87: =C86+1 -> 46024 | C87: =B87+6 -> 46030 | D87: 26년 1월 1주차 | E87: =SUMIFS('전체 일별'!$BA:$BA,'전체 일별'!$B:$B,">="&$B87,'전체 일별'!$B:$B,"<="&$C87) -> 261521646 | F87: =SUMIFS('전체 일별'!$L:$L,'전체 일별'!$B:$B,">="&$B87,'전체 일별'!$B:$B,"<="&$C87) -> 75575029 | G87: =(SUMIFS('전체 일별'!$C:$C,'전체 일별'!$B:$B,">="&$B87,'전체 일별'!$B:$B,"<="&$C87))/AB87/($AL87/$AK87) -> 52787.009 | H87: =(SUMIFS('전체 일별'!$D:$D,'전체 일별'!$B:$B,">="&$B87,'전체 일별'!$B:$B,"<="&$C87))/AC87/($AL87/$AK87) -> 8035.7689 | I87: =IFERROR((SUMIFS('전체 일별'!$E:$E,'전체 일별'!$B:$B,">="&$B87,'전체 일별'!$B:$B,"<="&$C87))/AE87,0)/($AL87/$AK87) -> 0 | J87: =IFERROR((SUMIFS('전체 일별'!$F:$F,'전체 일별'!$B:$B,">="&$B87,'전체 일별'!$B:$B,"<="&$C87))/AD87/($AL87/$AK87),0) -> 64926.29 | K87: =IFERROR((SUMIFS('전체 일별'!$I:$I,'전체 일별'!$B:$B,">="&$B87,'전체 일별'!$B:$B,"<="&$C87))/AF87/($AL87/$AK87),0) -> 0 | L87: =IFERROR((SUMIFS('전체 일별'!$J:$J,'전체 일별'!$B:$B,">="&$B87,'전체 일별'!$B:$B,"<="&$C87))/AG87/($AL87/$AK87),0) -> 0 | M87: =IFERROR((SUMIFS('전체 일별'!$H:$H,'전체 일별'!$B:$B,">="&$B87,'전체 일별'!$B:$B,"<="&$C87))/AH87,0)/($AL87/$AK87) -> 59543.798 | N87: =SUMIFS('전체 일별'!$AQ:$AQ,'전체 일별'!$B:$B,">="&$B87,'전체 일별'!$B:$B,"<="&$C87) -> 7147 | O87: =SUMIFS('전체 일별'!$AR:$AR,'전체 일별'!$B:$B,">="&$B87,'전체 일별'!$B:$B,"<="&$C87) -> 6398 | P87: =SUMIFS('전체 일별'!$AJ:$AJ,'전체 일별'!$B:$B,">="&$B87,'전체 일별'!$B:$B,"<="&$C87) -> 2785 | Q87: =SUMIFS('전체 일별'!$Z:$Z,'전체 일별'!$B:$B,">="&$B87,'전체 일별'!$B:$B,"<="&$C87) -> 2506 | R87: =SUMIFS('전체 일별'!$AL:$AL,'전체 일별'!$B:$B,">="&$B87,'전체 일별'!$B:$B,"<="&$C87) -> 27136 | S87: =SUMIFS('전체 일별'!$AO:$AO,'전체 일별'!$B:$B,">="&$B87,'전체 일별'!$B:$B,"<="&$C87) -> 25803 | T87: =SUMIFS('전체 일별'!$AP:$AP,'전체 일별'!$B:$B,">="&$B87,'전체 일별'!$B:$B,"<="&$C87) -> 479 | U87: =F87/Q87 -> 30157.633 | V87: =F87/SUM(AB87:AH87)/(AL87/AK87) -> 52963.746 | W87: =O87/N87 -> 0.89520078 | X87: =Q87/O87 -> 0.3916849 | Y87: =T87/(S87+T87) -> 0.018225401 | Z87: =E87/S87 -> 10135.319 | AA87: =SUMIFS('전체 일별'!$BJ:$BJ,'전체 일별'!$B:$B,">="&$B87,'전체 일별'!$B:$B,"<="&$C87) -> 289 | AB87: 398 | AC87: 180 | AD87: 413 | AE87: 0 | AF87: 0 | AG87: 0 | AH87: 43 | AI87: =AJ87-6 -> 46016 | AJ87: =C87-8 -> 46022 | AK87: =AVERAGEIFS('전체 일별'!$BG:$BG,'전체 일별'!$B:$B,">="&$AI87,'전체 일별'!$B:$B,"<="&$AJ87) -> 0.31301429 | AL87: =AK87*1.38 -> 0.43195971 | AM87: 0 | AN87: 0 | AO87: 0
B88: =C87+1 -> 46031 | C88: =B88+6 -> 46037 | D88: 26년 1월 2주차 | E88: =SUMIFS('전체 일별'!$BA:$BA,'전체 일별'!$B:$B,">="&$B88,'전체 일별'!$B:$B,"<="&$C88) -> 266544300 | F88: =SUMIFS('전체 일별'!$L:$L,'전체 일별'!$B:$B,">="&$B88,'전체 일별'!$B:$B,"<="&$C88) -> 71252695 | G88: =(SUMIFS('전체 일별'!$C:$C,'전체 일별'!$B:$B,">="&$B88,'전체 일별'!$B:$B,"<="&$C88))/AB88/($AL88/$AK88) -> 84167.165 | H88: =(SUMIFS('전체 일별'!$D:$D,'전체 일별'!$B:$B,">="&$B88,'전체 일별'!$B:$B,"<="&$C88))/AC88/($AL88/$AK88) -> 6704.8132 | I88: =IFERROR((SUMIFS('전체 일별'!$E:$E,'전체 일별'!$B:$B,">="&$B88,'전체 일별'!$B:$B,"<="&$C88))/AE88,0)/($AL88/$AK88) -> 0 | J88: =IFERROR((SUMIFS('전체 일별'!$F:$F,'전체 일별'!$B:$B,">="&$B88,'전체 일별'!$B:$B,"<="&$C88))/AD88/($AL88/$AK88),0) -> 76415.449 | K88: =IFERROR((SUMIFS('전체 일별'!$I:$I,'전체 일별'!$B:$B,">="&$B88,'전체 일별'!$B:$B,"<="&$C88))/AF88/($AL88/$AK88),0) -> 0 | L88: =IFERROR((SUMIFS('전체 일별'!$J:$J,'전체 일별'!$B:$B,">="&$B88,'전체 일별'!$B:$B,"<="&$C88))/AG88/($AL88/$AK88),0) -> 0 | M88: =IFERROR((SUMIFS('전체 일별'!$H:$H,'전체 일별'!$B:$B,">="&$B88,'전체 일별'!$B:$B,"<="&$C88))/AH88,0)/($AL88/$AK88) -> 55772.605 | N88: =SUMIFS('전체 일별'!$AQ:$AQ,'전체 일별'!$B:$B,">="&$B88,'전체 일별'!$B:$B,"<="&$C88) -> 6641 | O88: =SUMIFS('전체 일별'!$AR:$AR,'전체 일별'!$B:$B,">="&$B88,'전체 일별'!$B:$B,"<="&$C88) -> 6012 | P88: =SUMIFS('전체 일별'!$AJ:$AJ,'전체 일별'!$B:$B,">="&$B88,'전체 일별'!$B:$B,"<="&$C88) -> 2978 | Q88: =SUMIFS('전체 일별'!$Z:$Z,'전체 일별'!$B:$B,">="&$B88,'전체 일별'!$B:$B,"<="&$C88) -> 2128 | R88: =SUMIFS('전체 일별'!$AL:$AL,'전체 일별'!$B:$B,">="&$B88,'전체 일별'!$B:$B,"<="&$C88) -> 27714 | S88: =SUMIFS('전체 일별'!$AO:$AO,'전체 일별'!$B:$B,">="&$B88,'전체 일별'!$B:$B,"<="&$C88) -> 26390 | T88: =SUMIFS('전체 일별'!$AP:$AP,'전체 일별'!$B:$B,">="&$B88,'전체 일별'!$B:$B,"<="&$C88) -> 470 | U88: =F88/Q88 -> 33483.409 | V88: =F88/SUM(AB88:AH88)/(AL88/AK88) -> 63120.278 | W88: =O88/N88 -> 0.90528535 | X88: =Q88/O88 -> 0.35395875 | Y88: =T88/(S88+T88) -> 0.017498138 | Z88: =E88/S88 -> 10100.201 | AA88: =SUMIFS('전체 일별'!$BJ:$BJ,'전체 일별'!$B:$B,">="&$B88,'전체 일별'!$B:$B,"<="&$C88) -> 261 | AB88: 262 | AC88: 204 | AD88: 316 | AE88: 0 | AF88: 0 | AG88: 0 | AH88: 36 | AI88: =AJ88-6 -> 46023 | AJ88: =C88-8 -> 46029 | AK88: =AVERAGEIFS('전체 일별'!$BG:$BG,'전체 일별'!$B:$B,">="&$AI88,'전체 일별'!$B:$B,"<="&$AJ88) -> 0.26274286 | AL88: =AK88*1.38 -> 0.36258514 | AM88: 0 | AN88: 0 | AO88: 0
B89: =C88+1 -> 46038 | C89: =B89+6 -> 46044 | D89: 26년 1월 3주차 | E89: =SUMIFS('전체 일별'!$BA:$BA,'전체 일별'!$B:$B,">="&$B89,'전체 일별'!$B:$B,"<="&$C89) -> 253521796 | F89: =SUMIFS('전체 일별'!$L:$L,'전체 일별'!$B:$B,">="&$B89,'전체 일별'!$B:$B,"<="&$C89) -> 62189449 | G89: =(SUMIFS('전체 일별'!$C:$C,'전체 일별'!$B:$B,">="&$B89,'전체 일별'!$B:$B,"<="&$C89))/AB89/($AL89/$AK89) -> 114365.97 | H89: =(SUMIFS('전체 일별'!$D:$D,'전체 일별'!$B:$B,">="&$B89,'전체 일별'!$B:$B,"<="&$C89))/AC89/($AL89/$AK89) -> 7598.6521 | I89: =IFERROR((SUMIFS('전체 일별'!$E:$E,'전체 일별'!$B:$B,">="&$B89,'전체 일별'!$B:$B,"<="&$C89))/AE89,0)/($AL89/$AK89) -> 0 | J89: =IFERROR((SUMIFS('전체 일별'!$F:$F,'전체 일별'!$B:$B,">="&$B89,'전체 일별'!$B:$B,"<="&$C89))/AD89/($AL89/$AK89),0) -> 67494.669 | K89: =IFERROR((SUMIFS('전체 일별'!$I:$I,'전체 일별'!$B:$B,">="&$B89,'전체 일별'!$B:$B,"<="&$C89))/AF89/($AL89/$AK89),0) -> 0 | L89: =IFERROR((SUMIFS('전체 일별'!$J:$J,'전체 일별'!$B:$B,">="&$B89,'전체 일별'!$B:$B,"<="&$C89))/AG89/($AL89/$AK89),0) -> 12554.348 | M89: =IFERROR((SUMIFS('전체 일별'!$H:$H,'전체 일별'!$B:$B,">="&$B89,'전체 일별'!$B:$B,"<="&$C89))/AH89,0)/($AL89/$AK89) -> 52299.839 | N89: =SUMIFS('전체 일별'!$AQ:$AQ,'전체 일별'!$B:$B,">="&$B89,'전체 일별'!$B:$B,"<="&$C89) -> 6813 | O89: =SUMIFS('전체 일별'!$AR:$AR,'전체 일별'!$B:$B,">="&$B89,'전체 일별'!$B:$B,"<="&$C89) -> 6039 | P89: =SUMIFS('전체 일별'!$AJ:$AJ,'전체 일별'!$B:$B,">="&$B89,'전체 일별'!$B:$B,"<="&$C89) -> 2648 | Q89: =SUMIFS('전체 일별'!$Z:$Z,'전체 일별'!$B:$B,">="&$B89,'전체 일별'!$B:$B,"<="&$C89) -> 1894 | R89: =SUMIFS('전체 일별'!$AL:$AL,'전체 일별'!$B:$B,">="&$B89,'전체 일별'!$B:$B,"<="&$C89) -> 27288 | S89: =SUMIFS('전체 일별'!$AO:$AO,'전체 일별'!$B:$B,">="&$B89,'전체 일별'!$B:$B,"<="&$C89) -> 25911 | T89: =SUMIFS('전체 일별'!$AP:$AP,'전체 일별'!$B:$B,">="&$B89,'전체 일별'!$B:$B,"<="&$C89) -> 444 | U89: =F89/Q89 -> 32834.978 | V89: =F89/SUM(AB89:AH89)/(AL89/AK89) -> 66663.932 | W89: =O89/N89 -> 0.88639366 | X89: =Q89/O89 -> 0.31362808 | Y89: =T89/(S89+T89) -> 0.016846898 | Z89: =E89/S89 -> 9784.3308 | AA89: =SUMIFS('전체 일별'!$BJ:$BJ,'전체 일별'!$B:$B,">="&$B89,'전체 일별'!$B:$B,"<="&$C89) -> 252 | AB89: 141 | AC89: 143 | AD89: 364 | AE89: 0 | AF89: 0 | AG89: 1 | AH89: 27 | AI89: =AJ89-6 -> 46030 | AJ89: =C89-8 -> 46036 | AK89: =AVERAGEIFS('전체 일별'!$BG:$BG,'전체 일별'!$B:$B,">="&$AI89,'전체 일별'!$B:$B,"<="&$AJ89) -> 0.25674286 | AL89: =AK89*1.38 -> 0.35430514 | AM89: 0 | AN89: 0 | AO89: 0
B90: =C89+1 -> 46045 | C90: =B90+6 -> 46051 | D90: 26년 1월 4주차 | E90: =SUMIFS('전체 일별'!$BA:$BA,'전체 일별'!$B:$B,">="&$B90,'전체 일별'!$B:$B,"<="&$C90) -> 262477467 | F90: =SUMIFS('전체 일별'!$L:$L,'전체 일별'!$B:$B,">="&$B90,'전체 일별'!$B:$B,"<="&$C90) -> 42993286 | G90: =(SUMIFS('전체 일별'!$C:$C,'전체 일별'!$B:$B,">="&$B90,'전체 일별'!$B:$B,"<="&$C90))/AB90/($AL90/$AK90) -> 93336.099 | H90: =(SUMIFS('전체 일별'!$D:$D,'전체 일별'!$B:$B,">="&$B90,'전체 일별'!$B:$B,"<="&$C90))/AC90/($AL90/$AK90) -> 5446.4964 | I90: =IFERROR((SUMIFS('전체 일별'!$E:$E,'전체 일별'!$B:$B,">="&$B90,'전체 일별'!$B:$B,"<="&$C90))/AE90,0)/($AL90/$AK90) -> 0 | J90: =IFERROR((SUMIFS('전체 일별'!$F:$F,'전체 일별'!$B:$B,">="&$B90,'전체 일별'!$B:$B,"<="&$C90))/AD90/($AL90/$AK90),0) -> 42919.915 | K90: =IFERROR((SUMIFS('전체 일별'!$I:$I,'전체 일별'!$B:$B,">="&$B90,'전체 일별'!$B:$B,"<="&$C90))/AF90/($AL90/$AK90),0) -> 0 | L90: =IFERROR((SUMIFS('전체 일별'!$J:$J,'전체 일별'!$B:$B,">="&$B90,'전체 일별'!$B:$B,"<="&$C90))/AG90/($AL90/$AK90),0) -> 0 | M90: =IFERROR((SUMIFS('전체 일별'!$H:$H,'전체 일별'!$B:$B,">="&$B90,'전체 일별'!$B:$B,"<="&$C90))/AH90,0)/($AL90/$AK90) -> 52442.54 | N90: =SUMIFS('전체 일별'!$AQ:$AQ,'전체 일별'!$B:$B,">="&$B90,'전체 일별'!$B:$B,"<="&$C90) -> 5011 | O90: =SUMIFS('전체 일별'!$AR:$AR,'전체 일별'!$B:$B,">="&$B90,'전체 일별'!$B:$B,"<="&$C90) -> 4475 | P90: =SUMIFS('전체 일별'!$AJ:$AJ,'전체 일별'!$B:$B,">="&$B90,'전체 일별'!$B:$B,"<="&$C90) -> 2583 | Q90: =SUMIFS('전체 일별'!$Z:$Z,'전체 일별'!$B:$B,">="&$B90,'전체 일별'!$B:$B,"<="&$C90) -> 1797 | R90: =SUMIFS('전체 일별'!$AL:$AL,'전체 일별'!$B:$B,">="&$B90,'전체 일별'!$B:$B,"<="&$C90) -> 27508 | S90: =SUMIFS('전체 일별'!$AO:$AO,'전체 일별'!$B:$B,">="&$B90,'전체 일별'!$B:$B,"<="&$C90) -> 26220 | T90: =SUMIFS('전체 일별'!$AP:$AP,'전체 일별'!$B:$B,">="&$B90,'전체 일별'!$B:$B,"<="&$C90) -> 474 | U90: =F90/Q90 -> 23925.034 | V90: =F90/SUM(AB90:AH90)/(AL90/AK90) -> 43756.398 | W90: =O90/N90 -> 0.89303532 | X90: =Q90/O90 -> 0.40156425 | Y90: =T90/(S90+T90) -> 0.017756799 | Z90: =E90/S90 -> 10010.582 | AA90: =SUMIFS('전체 일별'!$BJ:$BJ,'전체 일별'!$B:$B,">="&$B90,'전체 일별'!$B:$B,"<="&$C90) -> 223 | AB90: 120 | AC90: 200 | AD90: 375 | AE90: 0 | AF90: 0 | AG90: 0 | AH90: 17 | AI90: =AJ90-6 -> 46037 | AJ90: =C90-8 -> 46043 | AK90: =AVERAGEIFS('전체 일별'!$BG:$BG,'전체 일별'!$B:$B,">="&$AI90,'전체 일별'!$B:$B,"<="&$AJ90) -> 0.20865714 | AL90: =AK90*1.38 -> 0.28794686 | AM90: 0 | AN90: 0 | AO90: 0
B91: =C90+1 -> 46052 | C91: =B91+6 -> 46058 | D91: 26년 2월 1주차 | E91: =SUMIFS('전체 일별'!$BA:$BA,'전체 일별'!$B:$B,">="&$B91,'전체 일별'!$B:$B,"<="&$C91) -> 268621425 | F91: =SUMIFS('전체 일별'!$L:$L,'전체 일별'!$B:$B,">="&$B91,'전체 일별'!$B:$B,"<="&$C91) -> 36819867 | G91: =(SUMIFS('전체 일별'!$C:$C,'전체 일별'!$B:$B,">="&$B91,'전체 일별'!$B:$B,"<="&$C91))/AB91/($AL91/$AK91) -> 35198.58 | H91: =(SUMIFS('전체 일별'!$D:$D,'전체 일별'!$B:$B,">="&$B91,'전체 일별'!$B:$B,"<="&$C91))/AC91/($AL91/$AK91) -> 5923.5563 | I91: =IFERROR((SUMIFS('전체 일별'!$E:$E,'전체 일별'!$B:$B,">="&$B91,'전체 일별'!$B:$B,"<="&$C91))/AE91,0)/($AL91/$AK91) -> 0 | J91: =IFERROR((SUMIFS('전체 일별'!$F:$F,'전체 일별'!$B:$B,">="&$B91,'전체 일별'!$B:$B,"<="&$C91))/AD91/($AL91/$AK91),0) -> 41905.617 | K91: =IFERROR((SUMIFS('전체 일별'!$I:$I,'전체 일별'!$B:$B,">="&$B91,'전체 일별'!$B:$B,"<="&$C91))/AF91/($AL91/$AK91),0) -> 0 | L91: =IFERROR((SUMIFS('전체 일별'!$J:$J,'전체 일별'!$B:$B,">="&$B91,'전체 일별'!$B:$B,"<="&$C91))/AG91/($AL91/$AK91),0) -> 0 | M91: =IFERROR((SUMIFS('전체 일별'!$H:$H,'전체 일별'!$B:$B,">="&$B91,'전체 일별'!$B:$B,"<="&$C91))/AH91,0)/($AL91/$AK91) -> 37170.942 | N91: =SUMIFS('전체 일별'!$AQ:$AQ,'전체 일별'!$B:$B,">="&$B91,'전체 일별'!$B:$B,"<="&$C91) -> 5213 | O91: =SUMIFS('전체 일별'!$AR:$AR,'전체 일별'!$B:$B,">="&$B91,'전체 일별'!$B:$B,"<="&$C91) -> 4736 | P91: =SUMIFS('전체 일별'!$AJ:$AJ,'전체 일별'!$B:$B,">="&$B91,'전체 일별'!$B:$B,"<="&$C91) -> 2496 | Q91: =SUMIFS('전체 일별'!$Z:$Z,'전체 일별'!$B:$B,">="&$B91,'전체 일별'!$B:$B,"<="&$C91) -> 1903 | R91: =SUMIFS('전체 일별'!$AL:$AL,'전체 일별'!$B:$B,">="&$B91,'전체 일별'!$B:$B,"<="&$C91) -> 27335 | S91: =SUMIFS('전체 일별'!$AO:$AO,'전체 일별'!$B:$B,">="&$B91,'전체 일별'!$B:$B,"<="&$C91) -> 26527 | T91: =SUMIFS('전체 일별'!$AP:$AP,'전체 일별'!$B:$B,">="&$B91,'전체 일별'!$B:$B,"<="&$C91) -> 517 | U91: =F91/Q91 -> 19348.327 | V91: =F91/SUM(AB91:AH91)/(AL91/AK91) -> 31763.17 | W91: =O91/N91 -> 0.90849799 | X91: =Q91/O91 -> 0.40181588 | Y91: =T91/(S91+T91) -> 0.019116995 | Z91: =E91/S91 -> 10126.34 | AA91: =SUMIFS('전체 일별'!$BJ:$BJ,'전체 일별'!$B:$B,">="&$B91,'전체 일별'!$B:$B,"<="&$C91) -> 216 | AB91: 245 | AC91: 195 | AD91: 370 | AE91: 0 | AF91: 0 | AG91: 0 | AH91: 30 | AI91: =AJ91-6 -> 46044 | AJ91: =C91-8 -> 46050 | AK91: =AVERAGEIFS('전체 일별'!$BG:$BG,'전체 일별'!$B:$B,">="&$AI91,'전체 일별'!$B:$B,"<="&$AJ91) -> 0.2736 | AL91: =AK91*1.38 -> 0.377568 | AM91: 0 | AN91: 0 | AO91: 0
B92: =C91+1 -> 46059 | C92: =B92+6 -> 46065 | D92: 26년 2월 2주차 | E92: =SUMIFS('전체 일별'!$BA:$BA,'전체 일별'!$B:$B,">="&$B92,'전체 일별'!$B:$B,"<="&$C92) -> 290341481 | F92: =SUMIFS('전체 일별'!$L:$L,'전체 일별'!$B:$B,">="&$B92,'전체 일별'!$B:$B,"<="&$C92) -> 61872973 | G92: =(SUMIFS('전체 일별'!$C:$C,'전체 일별'!$B:$B,">="&$B92,'전체 일별'!$B:$B,"<="&$C92))/AB92/($AL92/$AK92) -> 37475.28 | H92: =(SUMIFS('전체 일별'!$D:$D,'전체 일별'!$B:$B,">="&$B92,'전체 일별'!$B:$B,"<="&$C92))/AC92/($AL92/$AK92) -> 4946.6518 | I92: =IFERROR((SUMIFS('전체 일별'!$E:$E,'전체 일별'!$B:$B,">="&$B92,'전체 일별'!$B:$B,"<="&$C92))/AE92,0)/($AL92/$AK92) -> 0 | J92: =IFERROR((SUMIFS('전체 일별'!$F:$F,'전체 일별'!$B:$B,">="&$B92,'전체 일별'!$B:$B,"<="&$C92))/AD92/($AL92/$AK92),0) -> 32480.786 | K92: =IFERROR((SUMIFS('전체 일별'!$I:$I,'전체 일별'!$B:$B,">="&$B92,'전체 일별'!$B:$B,"<="&$C92))/AF92/($AL92/$AK92),0) -> 0 | L92: =IFERROR((SUMIFS('전체 일별'!$J:$J,'전체 일별'!$B:$B,">="&$B92,'전체 일별'!$B:$B,"<="&$C92))/AG92/($AL92/$AK92),0) -> 0 | M92: =IFERROR((SUMIFS('전체 일별'!$H:$H,'전체 일별'!$B:$B,">="&$B92,'전체 일별'!$B:$B,"<="&$C92))/AH92,0)/($AL92/$AK92) -> 38392.538 | N92: =SUMIFS('전체 일별'!$AQ:$AQ,'전체 일별'!$B:$B,">="&$B92,'전체 일별'!$B:$B,"<="&$C92) -> 6835 | O92: =SUMIFS('전체 일별'!$AR:$AR,'전체 일별'!$B:$B,">="&$B92,'전체 일별'!$B:$B,"<="&$C92) -> 6336 | P92: =SUMIFS('전체 일별'!$AJ:$AJ,'전체 일별'!$B:$B,">="&$B92,'전체 일별'!$B:$B,"<="&$C92) -> 2902 | Q92: =SUMIFS('전체 일별'!$Z:$Z,'전체 일별'!$B:$B,">="&$B92,'전체 일별'!$B:$B,"<="&$C92) -> 2465 | R92: =SUMIFS('전체 일별'!$AL:$AL,'전체 일별'!$B:$B,">="&$B92,'전체 일별'!$B:$B,"<="&$C92) -> 31993 | S92: =SUMIFS('전체 일별'!$AO:$AO,'전체 일별'!$B:$B,">="&$B92,'전체 일별'!$B:$B,"<="&$C92) -> 29280 | T92: =SUMIFS('전체 일별'!$AP:$AP,'전체 일별'!$B:$B,">="&$B92,'전체 일별'!$B:$B,"<="&$C92) -> 530 | U92: =F92/Q92 -> 25100.598 | V92: =F92/SUM(AB92:AH92)/(AL92/AK92) -> 30090.931 | W92: =O92/N92 -> 0.92699342 | X92: =Q92/O92 -> 0.38904672 | Y92: =T92/(S92+T92) -> 0.017779269 | Z92: =E92/S92 -> 9916.0342 | AA92: =SUMIFS('전체 일별'!$BJ:$BJ,'전체 일별'!$B:$B,">="&$B92,'전체 일별'!$B:$B,"<="&$C92) -> 272 | AB92: 636 | AC92: 253 | AD92: 564 | AE92: 0 | AF92: 0 | AG92: 0 | AH92: 37 | AI92: =AJ92-6 -> 46051 | AJ92: =C92-8 -> 46057 | AK92: =AVERAGEIFS('전체 일별'!$BG:$BG,'전체 일별'!$B:$B,">="&$AI92,'전체 일별'!$B:$B,"<="&$AJ92) -> 0.27471429 | AL92: =AK92*1.38 -> 0.37910571 | AM92: 0 | AN92: 0 | AO92: 0
B93: =C92+1 -> 46066 | C93: =B93+6 -> 46072 | D93: 26년 2월 3주차 | E93: =SUMIFS('전체 일별'!$BA:$BA,'전체 일별'!$B:$B,">="&$B93,'전체 일별'!$B:$B,"<="&$C93) -> 290775587 | F93: =SUMIFS('전체 일별'!$L:$L,'전체 일별'!$B:$B,">="&$B93,'전체 일별'!$B:$B,"<="&$C93) -> 72509942 | G93: =(SUMIFS('전체 일별'!$C:$C,'전체 일별'!$B:$B,">="&$B93,'전체 일별'!$B:$B,"<="&$C93))/AB93/($AL93/$AK93) -> 38405.428 | H93: =(SUMIFS('전체 일별'!$D:$D,'전체 일별'!$B:$B,">="&$B93,'전체 일별'!$B:$B,"<="&$C93))/AC93/($AL93/$AK93) -> 4278.3955 | I93: =IFERROR((SUMIFS('전체 일별'!$E:$E,'전체 일별'!$B:$B,">="&$B93,'전체 일별'!$B:$B,"<="&$C93))/AE93,0)/($AL93/$AK93) -> 0 | J93: =IFERROR((SUMIFS('전체 일별'!$F:$F,'전체 일별'!$B:$B,">="&$B93,'전체 일별'!$B:$B,"<="&$C93))/AD93/($AL93/$AK93),0) -> 45597.583 | K93: =IFERROR((SUMIFS('전체 일별'!$I:$I,'전체 일별'!$B:$B,">="&$B93,'전체 일별'!$B:$B,"<="&$C93))/AF93/($AL93/$AK93),0) -> 0 | L93: =IFERROR((SUMIFS('전체 일별'!$J:$J,'전체 일별'!$B:$B,">="&$B93,'전체 일별'!$B:$B,"<="&$C93))/AG93/($AL93/$AK93),0) -> 0 | M93: =IFERROR((SUMIFS('전체 일별'!$H:$H,'전체 일별'!$B:$B,">="&$B93,'전체 일별'!$B:$B,"<="&$C93))/AH93,0)/($AL93/$AK93) -> 32893.145 | N93: =SUMIFS('전체 일별'!$AQ:$AQ,'전체 일별'!$B:$B,">="&$B93,'전체 일별'!$B:$B,"<="&$C93) -> 8288 | O93: =SUMIFS('전체 일별'!$AR:$AR,'전체 일별'!$B:$B,">="&$B93,'전체 일별'!$B:$B,"<="&$C93) -> 7713 | P93: =SUMIFS('전체 일별'!$AJ:$AJ,'전체 일별'!$B:$B,">="&$B93,'전체 일별'!$B:$B,"<="&$C93) -> 3196 | Q93: =SUMIFS('전체 일별'!$Z:$Z,'전체 일별'!$B:$B,">="&$B93,'전체 일별'!$B:$B,"<="&$C93) -> 2690 | R93: =SUMIFS('전체 일별'!$AL:$AL,'전체 일별'!$B:$B,">="&$B93,'전체 일별'!$B:$B,"<="&$C93) -> 33890 | S93: =SUMIFS('전체 일별'!$AO:$AO,'전체 일별'!$B:$B,">="&$B93,'전체 일별'!$B:$B,"<="&$C93) -> 30020 | T93: =SUMIFS('전체 일별'!$AP:$AP,'전체 일별'!$B:$B,">="&$B93,'전체 일별'!$B:$B,"<="&$C93) -> 587 | U93: =F93/Q93 -> 26955.369 | V93: =F93/SUM(AB93:AH93)*AO93/(AL93/AK93) -> 18445.03 | W93: =O93/N93 -> 0.93062259 | X93: =Q93/O93 -> 0.34876183 | Y93: =T93/(S93+T93) -> 0.019178619 | Z93: =E93/S93 -> 9686.0622 | AA93: =SUMIFS('전체 일별'!$BJ:$BJ,'전체 일별'!$B:$B,">="&$B93,'전체 일별'!$B:$B,"<="&$C93) -> 261 | AB93: 636 | AC93: 253 | AD93: 564 | AE93: 0 | AF93: 0 | AG93: 0 | AH93: 37 | AI93: =AJ93-6 -> 46058 | AJ93: =C93-8 -> 46064 | AK93: =AVERAGEIFS('전체 일별'!$BG:$BG,'전체 일별'!$B:$B,">="&$AI93,'전체 일별'!$B:$B,"<="&$AJ93) -> 0.26554286 | AL93: =AK93*1.38 -> 0.36644914 | AM93: 0.33 | AN93: 0.694 | AO93: =(AM93/AN93)*1.1 -> 0.52305476 | AP93: 0.56 | AQ93: 0.65
B94: =C93+1 -> 46073 | C94: =B94+6 -> 46079 | D94: 26년 2월 4주차 | E94: =SUMIFS('전체 일별'!$BA:$BA,'전체 일별'!$B:$B,">="&$B94,'전체 일별'!$B:$B,"<="&$C94) -> 356947561 | F94: =SUMIFS('전체 일별'!$L:$L,'전체 일별'!$B:$B,">="&$B94,'전체 일별'!$B:$B,"<="&$C94) -> 87190861 | G94: =(SUMIFS('전체 일별'!$C:$C,'전체 일별'!$B:$B,">="&$B94,'전체 일별'!$B:$B,"<="&$C94))/AB94/($AL94/$AK94) -> 50572.305 | H94: =(SUMIFS('전체 일별'!$D:$D,'전체 일별'!$B:$B,">="&$B94,'전체 일별'!$B:$B,"<="&$C94))/AC94/($AL94/$AK94) -> 10945.416 | I94: =IFERROR((SUMIFS('전체 일별'!$E:$E,'전체 일별'!$B:$B,">="&$B94,'전체 일별'!$B:$B,"<="&$C94))/AE94,0)/($AL94/$AK94) -> 0 | J94: =IFERROR((SUMIFS('전체 일별'!$F:$F,'전체 일별'!$B:$B,">="&$B94,'전체 일별'!$B:$B,"<="&$C94))/AD94/($AL94/$AK94),0) -> 50235.978 | K94: =IFERROR((SUMIFS('전체 일별'!$I:$I,'전체 일별'!$B:$B,">="&$B94,'전체 일별'!$B:$B,"<="&$C94))/AF94/($AL94/$AK94),0) -> 0 | L94: =IFERROR((SUMIFS('전체 일별'!$J:$J,'전체 일별'!$B:$B,">="&$B94,'전체 일별'!$B:$B,"<="&$C94))/AG94/($AL94/$AK94),0) -> 0 | M94: =IFERROR((SUMIFS('전체 일별'!$H:$H,'전체 일별'!$B:$B,">="&$B94,'전체 일별'!$B:$B,"<="&$C94))/AH94,0)/($AL94/$AK94) -> 37258.494 | N94: =SUMIFS('전체 일별'!$AQ:$AQ,'전체 일별'!$B:$B,">="&$B94,'전체 일별'!$B:$B,"<="&$C94) -> 9267 | O94: =SUMIFS('전체 일별'!$AR:$AR,'전체 일별'!$B:$B,">="&$B94,'전체 일별'!$B:$B,"<="&$C94) -> 8288 | P94: =SUMIFS('전체 일별'!$AJ:$AJ,'전체 일별'!$B:$B,">="&$B94,'전체 일별'!$B:$B,"<="&$C94) -> 4073 | Q94: =SUMIFS('전체 일별'!$Z:$Z,'전체 일별'!$B:$B,">="&$B94,'전체 일별'!$B:$B,"<="&$C94) -> 3103 | R94: =SUMIFS('전체 일별'!$AL:$AL,'전체 일별'!$B:$B,">="&$B94,'전체 일별'!$B:$B,"<="&$C94) -> 32013 | S94: =SUMIFS('전체 일별'!$AO:$AO,'전체 일별'!$B:$B,">="&$B94,'전체 일별'!$B:$B,"<="&$C94) -> 33752 | T94: =SUMIFS('전체 일별'!$AP:$AP,'전체 일별'!$B:$B,">="&$B94,'전체 일별'!$B:$B,"<="&$C94) -> 647 | U94: =F94/Q94 -> 28098.892 | V94: =F94/SUM(AB94:AH94)*AO94/(AL94/AK94) -> 24443.441 | W94: =O94/N94 -> 0.89435632 | X94: =Q94/O94 -> 0.37439672 | Y94: =T94/(S94+T94) -> 0.018808686 | Z94: =E94/S94 -> 10575.597 | AA94: =SUMIFS('전체 일별'!$BJ:$BJ,'전체 일별'!$B:$B,">="&$B94,'전체 일별'!$B:$B,"<="&$C94) -> 332 | AB94: 639 | AC94: 144 | AD94: 533 | AE94: 0 | AF94: 0 | AG94: 0 | AH94: 36 | AI94: =AJ94-6 -> 46065 | AJ94: =C94-8 -> 46071 | AK94: =AVERAGEIFS('전체 일별'!$BG:$BG,'전체 일별'!$B:$B,">="&$AI94,'전체 일별'!$B:$B,"<="&$AJ94) -> 0.25474286 | AL94: =AK94*1.38 -> 0.35154514 | AM94: 0.33 | AN94: 0.694 | AO94: =(AM94/AN94)*1.1 -> 0.52305476 | AP94: 0.56 | AQ94: 0.65
B95: =C94+1 -> 46080 | C95: =B95+6 -> 46086 | D95: 26년 3월 1주차 | E95: =SUMIFS('전체 일별'!$BA:$BA,'전체 일별'!$B:$B,">="&$B95,'전체 일별'!$B:$B,"<="&$C95) -> 353089466 | F95: =SUMIFS('전체 일별'!$L:$L,'전체 일별'!$B:$B,">="&$B95,'전체 일별'!$B:$B,"<="&$C95) -> 98428562 | G95: =(SUMIFS('전체 일별'!$C:$C,'전체 일별'!$B:$B,">="&$B95,'전체 일별'!$B:$B,"<="&$C95))/AB95/($AL95/$AK95) -> 50603.134 | H95: =(SUMIFS('전체 일별'!$D:$D,'전체 일별'!$B:$B,">="&$B95,'전체 일별'!$B:$B,"<="&$C95))/AC95/($AL95/$AK95) -> 6054.4666 | I95: =IFERROR((SUMIFS('전체 일별'!$E:$E,'전체 일별'!$B:$B,">="&$B95,'전체 일별'!$B:$B,"<="&$C95))/AE95,0)/($AL95/$AK95) -> 0 | J95: =IFERROR((SUMIFS('전체 일별'!$F:$F,'전체 일별'!$B:$B,">="&$B95,'전체 일별'!$B:$B,"<="&$C95))/AD95/($AL95/$AK95),0) -> 50508.958 | K95: =IFERROR((SUMIFS('전체 일별'!$I:$I,'전체 일별'!$B:$B,">="&$B95,'전체 일별'!$B:$B,"<="&$C95))/AF95/($AL95/$AK95),0) -> 0 | L95: =IFERROR((SUMIFS('전체 일별'!$J:$J,'전체 일별'!$B:$B,">="&$B95,'전체 일별'!$B:$B,"<="&$C95))/AG95/($AL95/$AK95),0) -> 0 | M95: =IFERROR((SUMIFS('전체 일별'!$H:$H,'전체 일별'!$B:$B,">="&$B95,'전체 일별'!$B:$B,"<="&$C95))/AH95,0)/($AL95/$AK95) -> 37098.377 | N95: =SUMIFS('전체 일별'!$AQ:$AQ,'전체 일별'!$B:$B,">="&$B95,'전체 일별'!$B:$B,"<="&$C95) -> 13324 | O95: =SUMIFS('전체 일별'!$AR:$AR,'전체 일별'!$B:$B,">="&$B95,'전체 일별'!$B:$B,"<="&$C95) -> 10493 | P95: =SUMIFS('전체 일별'!$AJ:$AJ,'전체 일별'!$B:$B,">="&$B95,'전체 일별'!$B:$B,"<="&$C95) -> 4155 | Q95: =SUMIFS('전체 일별'!$Z:$Z,'전체 일별'!$B:$B,">="&$B95,'전체 일별'!$B:$B,"<="&$C95) -> 3239 | R95: =SUMIFS('전체 일별'!$AL:$AL,'전체 일별'!$B:$B,">="&$B95,'전체 일별'!$B:$B,"<="&$C95) -> 30867 | S95: =SUMIFS('전체 일별'!$AO:$AO,'전체 일별'!$B:$B,">="&$B95,'전체 일별'!$B:$B,"<="&$C95) -> 35839 | T95: =SUMIFS('전체 일별'!$AP:$AP,'전체 일별'!$B:$B,">="&$B95,'전체 일별'!$B:$B,"<="&$C95) -> 679 | U95: =F95/Q95 -> 30388.565 | V95: =F95/SUM(AB95:AH95)*AO95/(AL95/AK95) -> 22474.038 | W95: =O95/N95 -> 0.78752627 | X95: =Q95/O95 -> 0.30868198 | Y95: =T95/(S95+T95) -> 0.01859357 | Z95: =E95/S95 -> 9852.1015 | AA95: =SUMIFS('전체 일별'!$BJ:$BJ,'전체 일별'!$B:$B,">="&$B95,'전체 일별'!$B:$B,"<="&$C95) -> 497 | AB95: 717 | AC95: 305 | AD95: 592 | AE95: 0 | AF95: 0 | AG95: 0 | AH95: 46 | AI95: =AJ95-6 -> 46072 | AJ95: =C95-8 -> 46078 | AK95: =AVERAGEIFS('전체 일별'!$BG:$BG,'전체 일별'!$B:$B,">="&$AI95,'전체 일별'!$B:$B,"<="&$AJ95) -> 0.27227143 | AL95: =AK95*1.38 -> 0.37573457 | AM95: 0.33 | AN95: 0.694 | AO95: =(AM95/AN95)*1.1 -> 0.52305476 | AP95: 0.56 | AQ95: 0.65
B96: =C95+1 -> 46087 | C96: =B96+6 -> 46093 | D96: 26년 3월 2주차 | E96: =SUMIFS('전체 일별'!$BA:$BA,'전체 일별'!$B:$B,">="&$B96,'전체 일별'!$B:$B,"<="&$C96) -> 336655665 | F96: =SUMIFS('전체 일별'!$L:$L,'전체 일별'!$B:$B,">="&$B96,'전체 일별'!$B:$B,"<="&$C96) -> 96129798 | G96: =(SUMIFS('전체 일별'!$C:$C,'전체 일별'!$B:$B,">="&$B96,'전체 일별'!$B:$B,"<="&$C96))/AB96/($AL96/$AK96) -> 35052.989 | H96: =(SUMIFS('전체 일별'!$D:$D,'전체 일별'!$B:$B,">="&$B96,'전체 일별'!$B:$B,"<="&$C96))/AC96/($AL96/$AK96) -> 3732.5659 | I96: =IFERROR((SUMIFS('전체 일별'!$E:$E,'전체 일별'!$B:$B,">="&$B96,'전체 일별'!$B:$B,"<="&$C96))/AE96,0)/($AL96/$AK96) -> 0 | J96: =IFERROR((SUMIFS('전체 일별'!$F:$F,'전체 일별'!$B:$B,">="&$B96,'전체 일별'!$B:$B,"<="&$C96))/AD96/($AL96/$AK96),0) -> 32044.5 | K96: =IFERROR((SUMIFS('전체 일별'!$I:$I,'전체 일별'!$B:$B,">="&$B96,'전체 일별'!$B:$B,"<="&$C96))/AF96/($AL96/$AK96),0) -> 0 | L96: =IFERROR((SUMIFS('전체 일별'!$J:$J,'전체 일별'!$B:$B,">="&$B96,'전체 일별'!$B:$B,"<="&$C96))/AG96/($AL96/$AK96),0) -> 17759.42 | M96: =IFERROR((SUMIFS('전체 일별'!$H:$H,'전체 일별'!$B:$B,">="&$B96,'전체 일별'!$B:$B,"<="&$C96))/AH96,0)/($AL96/$AK96) -> 27674.138 | N96: =SUMIFS('전체 일별'!$AQ:$AQ,'전체 일별'!$B:$B,">="&$B96,'전체 일별'!$B:$B,"<="&$C96) -> 11144 | O96: =SUMIFS('전체 일별'!$AR:$AR,'전체 일별'!$B:$B,">="&$B96,'전체 일별'!$B:$B,"<="&$C96) -> 9807 | P96: =SUMIFS('전체 일별'!$AJ:$AJ,'전체 일별'!$B:$B,">="&$B96,'전체 일별'!$B:$B,"<="&$C96) -> 4033 | Q96: =SUMIFS('전체 일별'!$Z:$Z,'전체 일별'!$B:$B,">="&$B96,'전체 일별'!$B:$B,"<="&$C96) -> 2765 | R96: =SUMIFS('전체 일별'!$AL:$AL,'전체 일별'!$B:$B,">="&$B96,'전체 일별'!$B:$B,"<="&$C96) -> 30453 | S96: =SUMIFS('전체 일별'!$AO:$AO,'전체 일별'!$B:$B,">="&$B96,'전체 일별'!$B:$B,"<="&$C96) -> 35076 | T96: =SUMIFS('전체 일별'!$AP:$AP,'전체 일별'!$B:$B,">="&$B96,'전체 일별'!$B:$B,"<="&$C96) -> 655 | U96: =F96/Q96 -> 34766.654 | V96: =F96/SUM(AB96:AH96)*AO96/(AL96/AK96) -> 14703.638 | W96: =O96/N96 -> 0.88002513 | X96: =Q96/O96 -> 0.28194147 | Y96: =T96/(S96+T96) -> 0.018331421 | Z96: =E96/S96 -> 9597.8921 | AA96: =SUMIFS('전체 일별'!$BJ:$BJ,'전체 일별'!$B:$B,">="&$B96,'전체 일별'!$B:$B,"<="&$C96) -> 368 | AB96: 963 | AC96: 491 | AD96: 933 | AE96: 0 | AF96: 0 | AG96: 1 | AH96: 90 | AI96: =AJ96-6 -> 46079 | AJ96: =C96-8 -> 46085 | AK96: =AVERAGEIFS('전체 일별'!$BG:$BG,'전체 일별'!$B:$B,">="&$AI96,'전체 일별'!$B:$B,"<="&$AJ96) -> 0.24452857 | AL96: =AK96*1.38 -> 0.33744943 | AM96: 0.33 | AN96: 0.694 | AO96: =(AM96/AN96)*1.1 -> 0.52305476 | AP96: 0.56 | AQ96: 0.65
B97: =C96+1 -> 46094 | C97: =B97+6 -> 46100 | D97: 26년 3월 3주차 | E97: =SUMIFS('전체 일별'!$BA:$BA,'전체 일별'!$B:$B,">="&$B97,'전체 일별'!$B:$B,"<="&$C97) -> 349122579 | F97: =SUMIFS('전체 일별'!$L:$L,'전체 일별'!$B:$B,">="&$B97,'전체 일별'!$B:$B,"<="&$C97) -> 105250529 | G97: =(SUMIFS('전체 일별'!$C:$C,'전체 일별'!$B:$B,">="&$B97,'전체 일별'!$B:$B,"<="&$C97))/AB97/($AL97/$AK97) -> 50235.9 | H97: =(SUMIFS('전체 일별'!$D:$D,'전체 일별'!$B:$B,">="&$B97,'전체 일별'!$B:$B,"<="&$C97))/AC97/($AL97/$AK97) -> 5346.1413 | I97: =IFERROR((SUMIFS('전체 일별'!$E:$E,'전체 일별'!$B:$B,">="&$B97,'전체 일별'!$B:$B,"<="&$C97))/AE97,0)/($AL97/$AK97) -> 0 | J97: =IFERROR((SUMIFS('전체 일별'!$F:$F,'전체 일별'!$B:$B,">="&$B97,'전체 일별'!$B:$B,"<="&$C97))/AD97/($AL97/$AK97),0) -> 51118.056 | K97: =IFERROR((SUMIFS('전체 일별'!$I:$I,'전체 일별'!$B:$B,">="&$B97,'전체 일별'!$B:$B,"<="&$C97))/AF97/($AL97/$AK97),0) -> 0 | L97: =IFERROR((SUMIFS('전체 일별'!$J:$J,'전체 일별'!$B:$B,">="&$B97,'전체 일별'!$B:$B,"<="&$C97))/AG97/($AL97/$AK97),0) -> 0 | M97: =IFERROR((SUMIFS('전체 일별'!$H:$H,'전체 일별'!$B:$B,">="&$B97,'전체 일별'!$B:$B,"<="&$C97))/AH97,0)/($AL97/$AK97) -> 44151.61 | N97: =SUMIFS('전체 일별'!$AQ:$AQ,'전체 일별'!$B:$B,">="&$B97,'전체 일별'!$B:$B,"<="&$C97) -> 11009 | O97: =SUMIFS('전체 일별'!$AR:$AR,'전체 일별'!$B:$B,">="&$B97,'전체 일별'!$B:$B,"<="&$C97) -> 9926 | P97: =SUMIFS('전체 일별'!$AJ:$AJ,'전체 일별'!$B:$B,">="&$B97,'전체 일별'!$B:$B,"<="&$C97) -> 4258 | Q97: =SUMIFS('전체 일별'!$Z:$Z,'전체 일별'!$B:$B,">="&$B97,'전체 일별'!$B:$B,"<="&$C97) -> 3091 | R97: =SUMIFS('전체 일별'!$AL:$AL,'전체 일별'!$B:$B,">="&$B97,'전체 일별'!$B:$B,"<="&$C97) -> 31139 | S97: =SUMIFS('전체 일별'!$AO:$AO,'전체 일별'!$B:$B,">="&$B97,'전체 일별'!$B:$B,"<="&$C97) -> 35744 | T97: =SUMIFS('전체 일별'!$AP:$AP,'전체 일별'!$B:$B,">="&$B97,'전체 일별'!$B:$B,"<="&$C97) -> 670 | U97: =F97/Q97 -> 34050.64 | V97: =F97/SUM(AB97:AH97)*AO97/(AL97/AK97) -> 22064.492 | W97: =O97/N97 -> 0.90162594 | X97: =Q97/O97 -> 0.31140439 | Y97: =T97/(S97+T97) -> 0.018399517 | Z97: =E97/S97 -> 9767.3058 | AA97: =SUMIFS('전체 일별'!$BJ:$BJ,'전체 일별'!$B:$B,">="&$B97,'전체 일별'!$B:$B,"<="&$C97) -> 370 | AB97: 673 | AC97: 363 | AD97: 682 | AE97: 0 | AF97: 0 | AG97: 0 | AH97: 90 | AI97: =AJ97-6 -> 46086 | AJ97: =C97-8 -> 46092 | AK97: =AVERAGEIFS('전체 일별'!$BG:$BG,'전체 일별'!$B:$B,">="&$AI97,'전체 일별'!$B:$B,"<="&$AJ97) -> 0.22468571 | AL97: =AK97*1.38 -> 0.31006629 | AM97: 0.33 | AN97: 0.694 | AO97: =(AM97/AN97)*1.1 -> 0.52305476 | AP97: 0.56 | AQ97: 0.65
B98: =C97+1 -> 46101 | C98: =B98+6 -> 46107 | D98: 26년 3월 4주차 | E98: =SUMIFS('전체 일별'!$BA:$BA,'전체 일별'!$B:$B,">="&$B98,'전체 일별'!$B:$B,"<="&$C98) -> 354916630 | F98: =SUMIFS('전체 일별'!$L:$L,'전체 일별'!$B:$B,">="&$B98,'전체 일별'!$B:$B,"<="&$C98) -> 94899343 | G98: =(SUMIFS('전체 일별'!$C:$C,'전체 일별'!$B:$B,">="&$B98,'전체 일별'!$B:$B,"<="&$C98))/AB98/($AL98/$AK98) -> 59016.824 | H98: =(SUMIFS('전체 일별'!$D:$D,'전체 일별'!$B:$B,">="&$B98,'전체 일별'!$B:$B,"<="&$C98))/AC98/($AL98/$AK98) -> 4199.8787 | I98: =IFERROR((SUMIFS('전체 일별'!$E:$E,'전체 일별'!$B:$B,">="&$B98,'전체 일별'!$B:$B,"<="&$C98))/AE98,0)/($AL98/$AK98) -> 0 | J98: =IFERROR((SUMIFS('전체 일별'!$F:$F,'전체 일별'!$B:$B,">="&$B98,'전체 일별'!$B:$B,"<="&$C98))/AD98/($AL98/$AK98),0) -> 43678.077 | K98: =IFERROR((SUMIFS('전체 일별'!$I:$I,'전체 일별'!$B:$B,">="&$B98,'전체 일별'!$B:$B,"<="&$C98))/AF98/($AL98/$AK98),0) -> 0 | L98: =IFERROR((SUMIFS('전체 일별'!$J:$J,'전체 일별'!$B:$B,">="&$B98,'전체 일별'!$B:$B,"<="&$C98))/AG98/($AL98/$AK98),0) -> 0 | M98: =IFERROR((SUMIFS('전체 일별'!$H:$H,'전체 일별'!$B:$B,">="&$B98,'전체 일별'!$B:$B,"<="&$C98))/AH98,0)/($AL98/$AK98) -> 42230.883 | N98: =SUMIFS('전체 일별'!$AQ:$AQ,'전체 일별'!$B:$B,">="&$B98,'전체 일별'!$B:$B,"<="&$C98) -> 10071 | O98: =SUMIFS('전체 일별'!$AR:$AR,'전체 일별'!$B:$B,">="&$B98,'전체 일별'!$B:$B,"<="&$C98) -> 9102 | P98: =SUMIFS('전체 일별'!$AJ:$AJ,'전체 일별'!$B:$B,">="&$B98,'전체 일별'!$B:$B,"<="&$C98) -> 4190 | Q98: =SUMIFS('전체 일별'!$Z:$Z,'전체 일별'!$B:$B,">="&$B98,'전체 일별'!$B:$B,"<="&$C98) -> 2895 | R98: =SUMIFS('전체 일별'!$AL:$AL,'전체 일별'!$B:$B,">="&$B98,'전체 일별'!$B:$B,"<="&$C98) -> 34579 | S98: =SUMIFS('전체 일별'!$AO:$AO,'전체 일별'!$B:$B,">="&$B98,'전체 일별'!$B:$B,"<="&$C98) -> 35595 | T98: =SUMIFS('전체 일별'!$AP:$AP,'전체 일별'!$B:$B,">="&$B98,'전체 일별'!$B:$B,"<="&$C98) -> 723 | U98: =F98/Q98 -> 32780.429 | V98: =F98/SUM(AB98:AH98)*AO98/(AL98/AK98) -> 20577.369 | W98: =O98/N98 -> 0.90378314 | X98: =Q98/O98 -> 0.31806196 | Y98: =T98/(S98+T98) -> 0.019907484 | Z98: =E98/S98 -> 9970.9687 | AA98: =SUMIFS('전체 일별'!$BJ:$BJ,'전체 일별'!$B:$B,">="&$B98,'전체 일별'!$B:$B,"<="&$C98) -> 349 | AB98: 531 | AC98: 424 | AD98: 696 | AE98: 0 | AF98: 0 | AG98: 0 | AH98: 97 | AI98: =AJ98-6 -> 46093 | AJ98: =C98-8 -> 46099 | AK98: =AVERAGEIFS('전체 일별'!$BG:$BG,'전체 일별'!$B:$B,">="&$AI98,'전체 일별'!$B:$B,"<="&$AJ98) -> 0.22781429 | AL98: =AK98*1.38 -> 0.31438371 | AM98: 0.33 | AN98: 0.694 | AO98: =(AM98/AN98)*1.1 -> 0.52305476 | AP98: 0.56 | AQ98: 0.65
B99: =C98+1 -> 46108 | C99: =B99+6 -> 46114 | D99: 26년 3월 5주차 | E99: =SUMIFS('전체 일별'!$BA:$BA,'전체 일별'!$B:$B,">="&$B99,'전체 일별'!$B:$B,"<="&$C99) -> 374390734 | F99: =SUMIFS('전체 일별'!$L:$L,'전체 일별'!$B:$B,">="&$B99,'전체 일별'!$B:$B,"<="&$C99) -> 103329107 | G99: =(SUMIFS('전체 일별'!$C:$C,'전체 일별'!$B:$B,">="&$B99,'전체 일별'!$B:$B,"<="&$C99))/AB99/($AL99/$AK99) -> 53470.918 | H99: =(SUMIFS('전체 일별'!$D:$D,'전체 일별'!$B:$B,">="&$B99,'전체 일별'!$B:$B,"<="&$C99))/AC99/($AL99/$AK99) -> 1667.801 | I99: =IFERROR((SUMIFS('전체 일별'!$E:$E,'전체 일별'!$B:$B,">="&$B99,'전체 일별'!$B:$B,"<="&$C99))/AE99,0)/($AL99/$AK99) -> 0 | J99: =IFERROR((SUMIFS('전체 일별'!$F:$F,'전체 일별'!$B:$B,">="&$B99,'전체 일별'!$B:$B,"<="&$C99))/AD99/($AL99/$AK99),0) -> 50653.935 | K99: =IFERROR((SUMIFS('전체 일별'!$I:$I,'전체 일별'!$B:$B,">="&$B99,'전체 일별'!$B:$B,"<="&$C99))/AF99/($AL99/$AK99),0) -> 0 | L99: =IFERROR((SUMIFS('전체 일별'!$J:$J,'전체 일별'!$B:$B,">="&$B99,'전체 일별'!$B:$B,"<="&$C99))/AG99/($AL99/$AK99),0) -> 0 | M99: =IFERROR((SUMIFS('전체 일별'!$H:$H,'전체 일별'!$B:$B,">="&$B99,'전체 일별'!$B:$B,"<="&$C99))/AH99,0)/($AL99/$AK99) -> 38118.669 | N99: =SUMIFS('전체 일별'!$AQ:$AQ,'전체 일별'!$B:$B,">="&$B99,'전체 일별'!$B:$B,"<="&$C99) -> 10807 | O99: =SUMIFS('전체 일별'!$AR:$AR,'전체 일별'!$B:$B,">="&$B99,'전체 일별'!$B:$B,"<="&$C99) -> 9952 | P99: =SUMIFS('전체 일별'!$AJ:$AJ,'전체 일별'!$B:$B,">="&$B99,'전체 일별'!$B:$B,"<="&$C99) -> 4595 | Q99: =SUMIFS('전체 일별'!$Z:$Z,'전체 일별'!$B:$B,">="&$B99,'전체 일별'!$B:$B,"<="&$C99) -> 3391 | R99: =SUMIFS('전체 일별'!$AL:$AL,'전체 일별'!$B:$B,">="&$B99,'전체 일별'!$B:$B,"<="&$C99) -> 40471 | S99: =SUMIFS('전체 일별'!$AO:$AO,'전체 일별'!$B:$B,">="&$B99,'전체 일별'!$B:$B,"<="&$C99) -> 33116 | T99: =SUMIFS('전체 일별'!$AP:$AP,'전체 일별'!$B:$B,">="&$B99,'전체 일별'!$B:$B,"<="&$C99) -> 831 | U99: =F99/Q99 -> 30471.574 | V99: =F99/SUM(AB99:AH99)*AO99/(AL99/AK99) -> 22239.826 | W99: =O99/N99 -> 0.92088461 | X99: =Q99/O99 -> 0.34073553 | Y99: =T99/(S99+T99) -> 0.024479335 | Z99: =E99/S99 -> 11305.433 | AA99: =SUMIFS('전체 일별'!$BJ:$BJ,'전체 일별'!$B:$B,">="&$B99,'전체 일별'!$B:$B,"<="&$C99) -> 368 | AB99: 580 | AC99: 329 | AD99: 759 | AE99: 0 | AF99: 0 | AG99: 0 | AH99: 93 | AI99: =AJ99-6 -> 46100 | AJ99: =C99-8 -> 46106 | AK99: =AVERAGEIFS('전체 일별'!$BG:$BG,'전체 일별'!$B:$B,">="&$AI99,'전체 일별'!$B:$B,"<="&$AJ99) -> 0.23797143 | AL99: =AK99*1.38 -> 0.32840057 | AM99: 0.33 | AN99: =(AP99*AQ99)+AM99 -> 0.694 | AO99: =(AM99/AN99)*1.1 -> 0.52305476 | AP99: 0.56 | AQ99: 0.65
